Key	it-IT	en
VariabiliEFunzioni-translate_ingredient-55f442d3	uova	
VariabiliEFunzioni-translate_ingredient-917c2e95	pentola	
VariabiliEFunzioni-translate_ingredient-f9c64334	noce moscata	
VariabiliEFunzioni-translate_ingredient-228dd4ca	farina	
VariabiliEFunzioni-translate_ingredient-22942b7c	saltare	
VariabiliEFunzioni-translate_ingredient-45e683c4	sciogliere	
VariabiliEFunzioni-translate_ingredient-b8dd15d1	lievitare	
VariabiliEFunzioni-translate_ingredient-d9749b19	sale	
VariabiliEFunzioni-translate_ingredient-26cfe7dd	cipolla	
VariabiliEFunzioni-translate_ingredient-ad73ed2a	affettare	
VariabiliEFunzioni-translate_ingredient-531c9346	tonno in scatola	
VariabiliEFunzioni-translate_ingredient-f1d4f253	mescolare	
VariabiliEFunzioni-translate_ingredient-6ecc4fe9	burro	
VariabiliEFunzioni-translate_ingredient-697b1206	montare	
VariabiliEFunzioni-translate_ingredient-c0ae82c7	zafferano	
VariabiliEFunzioni-translate_ingredient-c96e431a	mantecare	
VariabiliEFunzioni-translate_ingredient-8b26ae4f	braciola	
VariabiliEFunzioni-translate_ingredient-f634c118	arrosticino	
VariabiliEFunzioni-translate_ingredient-0a9be3f2	costina	
VariabiliEFunzioni-translate_ingredient-277a41a6	osso	
VariabiliEFunzioni-translate_ingredient-5df61072	grigliare	
VariabiliEFunzioni-translate_ingredient-75b36cec	crocchette	
VariabiliEFunzioni-translate_ingredient-c3398dff	versare	
VariabiliEFunzioni-translate_ingredient-8501e70e	riempire	
VariabiliEFunzioni-translate_ingredient-0cd625ea	formaggio	
VariabiliEFunzioni-translate_ingredient-2a15b2ae	fondere	
VariabiliEFunzioni-translate_ingredient-65ea772d	coccole	
VariabiliEFunzioni-translate_ingredient-a039f6f4	brandina	
VariabiliEFunzioni-translate_ingredient-c7861355	cuccia	
VariabiliEFunzioni-translate_ingredient-9e04e7e5	sgranocchiare	
VariabiliEFunzioni-translate_ingredient-3083e32c	fidarsi	
VariabiliEFunzioni-translate_ingredient-eb989ec4	il barattolo dello Yogurt	
VariabiliEFunzioni-translate_ingredient-21f0c046	pettorina	
VariabiliEFunzioni-translate_ingredient-c3e91b50	trasportino	
VariabiliEFunzioni-translate_ingredient-59e80c97	veterinario	
VariabiliEFunzioni-translate_ingredient-f1b0d53e	automobile	
VariabiliEFunzioni-translate_ingredient-1412928d	viaggiare	
VariabiliEFunzioni-translate_ingredient-4c1b3819	inconscio	
VariabiliEFunzioni-translate_ingredient-d7ca355d	correre nei sogni	
VariabiliEFunzioni-translate_ingredient-04b119e5	coccolare	
VariabiliEFunzioni-translate_ingredient-00615d1e	carezzare	
VariabiliEFunzioni-translate_ingredient-bbdc09d0	pettare	
VariabiliEFunzioni-translate_ingredient-9b22fbdb	grattare	
VariabiliEFunzioni-translate_ingredient-6317e1d0	dormire assieme	
VariabiliEFunzioni-translate_ingredient-37500a3d	protezione	
VariabiliEFunzioni-translate_ingredient-5d31aff2	niente gatti!	
VariabiliEFunzioni-translate_ingredient-ff23828f	vol-au-vent	
VariabiliEFunzioni-translate_ingredient-858d4979	Skyrim	
VariabiliEFunzioni-translate_ingredient-a1d4a4f7	blocchi di erba	
VariabiliEFunzioni-translate_ingredient-911d6119	uova di pecora	
VariabiliEFunzioni-translate_ingredient-e30bb924	scolare	
VariabiliEFunzioni-translate_ingredient-5f2fcba0	lacrime	
VariabiliEFunzioni-translate_ingredient-e89ee8e0	cacao amaro	
VariabiliEFunzioni-translate_ingredient-06e9a2ef	specchiarsi	
VariabiliEFunzioni-translate_ingredient-aefa329f	scottare	
VariabiliEFunzioni-translate_ingredient-768edf40	i VERI videogiochi	
VariabiliEFunzioni-translate_ingredient-e240a853	canapé	
VariabiliEFunzioni-translate_ingredient-68478267	mungere	
VariabiliEFunzioni-translate_ingredient-20195430	cardare	
VariabiliEFunzioni-translate_ingredient-1e29f527	Chinotto di Savona	
VariabiliEFunzioni-translate_ingredient-00c1f101	raccontare	
VariabiliEFunzioni-translate_ingredient-3586ee33	selfie	
VariabiliEFunzioni-translate_ingredient-36f18ddd	interviste	
VariabiliEFunzioni-translate_ingredient-1a5908fb	avvelenare	
VariabiliEFunzioni-translate_ingredient-f9aab2f4	collare con un'etichetta col nome Dogron	
VariabiliEFunzioni-translate_ingredient-01264d30	tonno in scatola al naturale	
VariabiliEFunzioni-translate_ingredient-0186d2fc	cantare	
VariabiliEFunzioni-translate_ingredient-38f70d10	perdonare	
VariabiliEFunzioni-translate_ingredient-5b6b7198	evolversi	
VariabiliEFunzioni-translate_ingredient-92e27992	iomestessomemedesimo	
VariabiliEFunzioni-translate_ingredient-8dc701ec	hashtagselfcare	
VariabiliEFunzioni-translate_ingredient-2db349e9	sventrare	
VariabiliEFunzioni-translate_ingredient-8ca247af	emancipazione	
VariabiliEFunzioni-translate_ingredient-a86148bd	Michela Murgia	
VariabiliEFunzioni-translate_ingredient-9c7f28cc	sacrificio	
VariabiliEFunzioni-translate_ingredient-05001fcf	mr.Peanutbutter	
VariabiliEFunzioni-translate_ingredient-20f4da83	la pallina preferita di DOGRON	
VariabiliEFunzioni-translate_ingredient-93478183	Kate Bush	
VariabiliEFunzioni-translate_ingredient-ceec5c9f	l'idea del successo	
VariabiliEFunzioni-translate_ingredient-440d1922	una cassa portatile	
VariabiliEFunzioni-translate_ingredient-4b257db6	padre	
VariabiliEFunzioni-translate_ingredient-25c4b9f4	funghicida	
VariabiliEFunzioni-translate_ingredient-676c85de	mappa	
VariabiliEFunzioni-translate_ingredient-483c605c	Io sono ancora grande, è la ristorazione che è diventata piccola.	
VariabiliEFunzioni-translate_ingredient-71cdb323	aiuto	
VariabiliEFunzioni-translate_ingredient-e5e83722	AIUTOOOOOOOOOOOOOOOOOOOO	
VariabiliEFunzioni-translate_ingredient-33a7db2d	colla di pesce	
VariabiliEFunzioni-translate_ingredient-8ee7f7f8	filtrare	
VariabiliEFunzioni-translate_ingredient-a8bde672	Mazinga	
VariabiliEFunzioni-translate_ingredient-e4f3b784	orecchie di Ugo	
VariabiliEFunzioni-value_ingredient-395428ab	1	
VariabiliEFunzioni-value_ingredient-359010b0	2	
VariabiliEFunzioni-value_ingredient-395428ab	1	
VariabiliEFunzioni-value_ingredient-395428ab	1	
VariabiliEFunzioni-value_ingredient-395428ab	1	
VariabiliEFunzioni-value_ingredient-359010b0	2	
VariabiliEFunzioni-value_ingredient-359010b0	2	
VariabiliEFunzioni-value_ingredient-395428ab	1	
VariabiliEFunzioni-value_ingredient-395428ab	1	
VariabiliEFunzioni-value_ingredient-106e83bb	3	
VariabiliEFunzioni-value_ingredient-395428ab	1	
VariabiliEFunzioni-value_ingredient-395428ab	1	
VariabiliEFunzioni-value_ingredient-395428ab	1	
VariabiliEFunzioni-value_ingredient-106e83bb	3	
VariabiliEFunzioni-value_ingredient-106e83bb	3	
VariabiliEFunzioni-value_ingredient-106e83bb	3	
VariabiliEFunzioni-value_ingredient-359010b0	2	
VariabiliEFunzioni-value_ingredient-106e83bb	3	
VariabiliEFunzioni-value_ingredient-106e83bb	3	
VariabiliEFunzioni-value_ingredient-359010b0	2	
VariabiliEFunzioni-value_ingredient-359010b0	2	
VariabiliEFunzioni-value_ingredient-395428ab	1	
VariabiliEFunzioni-value_ingredient-359010b0	2	
VariabiliEFunzioni-value_ingredient-106e83bb	3	
VariabiliEFunzioni-value_ingredient-359010b0	2	
VariabiliEFunzioni-value_ingredient-359010b0	2	
VariabiliEFunzioni-value_ingredient-106e83bb	3	
VariabiliEFunzioni-value_ingredient-106e83bb	3	
VariabiliEFunzioni-value_ingredient-106e83bb	3	
VariabiliEFunzioni-value_ingredient-359010b0	2	
VariabiliEFunzioni-value_ingredient-106e83bb	3	
VariabiliEFunzioni-value_ingredient-359010b0	2	
VariabiliEFunzioni-value_ingredient-106e83bb	3	
VariabiliEFunzioni-value_ingredient-106e83bb	3	
VariabiliEFunzioni-value_ingredient-106e83bb	3	
VariabiliEFunzioni-value_ingredient-106e83bb	3	
VariabiliEFunzioni-value_ingredient-359010b0	2	
VariabiliEFunzioni-value_ingredient-106e83bb	3	
VariabiliEFunzioni-value_ingredient-359010b0	2	
VariabiliEFunzioni-value_ingredient-106e83bb	3	
VariabiliEFunzioni-value_ingredient-359010b0	2	
VariabiliEFunzioni-value_ingredient-106e83bb	3	
VariabiliEFunzioni-value_ingredient-2031647a	4	
VariabiliEFunzioni-value_ingredient-2031647a	4	
VariabiliEFunzioni-value_ingredient-359010b0	2	
VariabiliEFunzioni-value_ingredient-2031647a	4	
VariabiliEFunzioni-value_ingredient-359010b0	2	
VariabiliEFunzioni-value_ingredient-359010b0	2	
VariabiliEFunzioni-value_ingredient-359010b0	2	
VariabiliEFunzioni-value_ingredient-106e83bb	3	
VariabiliEFunzioni-value_ingredient-359010b0	2	
VariabiliEFunzioni-value_ingredient-106e83bb	3	
VariabiliEFunzioni-value_ingredient-359010b0	2	
VariabiliEFunzioni-value_ingredient-106e83bb	3	
VariabiliEFunzioni-value_ingredient-359010b0	2	
VariabiliEFunzioni-value_ingredient-106e83bb	3	
VariabiliEFunzioni-value_ingredient-359010b0	2	
VariabiliEFunzioni-value_ingredient-359010b0	2	
VariabiliEFunzioni-value_ingredient-106e83bb	3	
VariabiliEFunzioni-value_ingredient-359010b0	2	
VariabiliEFunzioni-value_ingredient-106e83bb	3	
VariabiliEFunzioni-value_ingredient-106e83bb	3	
VariabiliEFunzioni-value_ingredient-106e83bb	3	
VariabiliEFunzioni-value_ingredient-106e83bb	3	
VariabiliEFunzioni-value_ingredient-106e83bb	3	
VariabiliEFunzioni-value_ingredient-106e83bb	3	
VariabiliEFunzioni-value_ingredient-106e83bb	3	
VariabiliEFunzioni-value_ingredient-106e83bb	3	
VariabiliEFunzioni-value_ingredient-106e83bb	3	
VariabiliEFunzioni-value_ingredient-106e83bb	3	
VariabiliEFunzioni-value_ingredient-106e83bb	3	
VariabiliEFunzioni-value_ingredient-106e83bb	3	
VariabiliEFunzioni-value_ingredient-2031647a	4	
VariabiliEFunzioni-value_ingredient-2031647a	4	
VariabiliEFunzioni-value_ingredient-106e83bb	3	
VariabiliEFunzioni-value_ingredient-2031647a	4	
VariabiliEFunzioni-value_ingredient-2031647a	4	
VariabiliEFunzioni-value_ingredient-106e83bb	3	
VariabiliEFunzioni-value_ingredient-2031647a	4	
VariabiliEFunzioni-value_ingredient-2031647a	4	
VariabiliEFunzioni-value_ingredient-106e83bb	3	
VariabiliEFunzioni-value_ingredient-2031647a	4	
VariabiliEFunzioni-value_ingredient-2031647a	4	
VariabiliEFunzioni-value_ingredient-359010b0	2	
VariabiliEFunzioni-value_ingredient-106e83bb	3	
VariabiliEFunzioni-value_ingredient-2031647a	4	
VariabiliEFunzioni-value_ingredient-395428ab	1	
VariabiliEFunzioni-value_ingredient-395428ab	1	
VariabiliEFunzioni-value_ingredient-359010b0	2	
VariabiliEFunzioni-value_ingredient-106e83bb	3	
VariabiliEFunzioni-remove_random_ability-aff55c63	Rimossa {ability}.	
VariabiliEFunzioni-inizio_lounge-ccab6fe6	DOGRON: Ed ora, nostra persona concorrente preferita insieme a tutte le altre, ti ricordo che:	
VariabiliEFunzioni-inizio_lounge-e65ad9a9	DOGRON: Ogni giorno perderai una delle tue abilità. Quelle che perdi oggi sono:	
VariabiliEFunzioni-inizio_lounge-c72b0e25	DOGRON: Non potrai più vedere in modo chiaro gli ingredienti.	
VariabiliEFunzioni-inizio_lounge-7a17a943	DOGRON: Le scelte ora scorreranno più veloci.	
VariabiliEFunzioni-inizio_lounge-da9087e2	DOGRON: Non avrai più un ingrediente a scelta da selezionare a inizio partita.	
VariabiliEFunzioni-inizio_lounge-d910ab8c	DOGRON: Basta con le chiacchiere extra!	
VariabiliEFunzioni-inizio_lounge-fb9aa3b3	DOGRON: Se sbagli la ricetta, non avrai più piani di salvataggio.	
VariabiliEFunzioni-inizio_lounge-7cbf91aa	DOGRON: Non potrai più eliminare un'altra persona concorrente.	
VariabiliEFunzioni-inizio_lounge-6ea39899	DOGRON: Niente potere di richiamare una persona che se ne è andata.	
VariabiliEFunzioni-inizio_lounge-81fb3475	DOGRON: Ti ricordo cara persona che potrai parlare con una persona in più.	
VariabiliEFunzioni-inizio_lounge-962f93f0	DOGRON: Hai la possibilità di eliminare una di queste belle persone, di chi ti vuoi liberare?	
VariabiliEFunzioni-inizio_lounge-04bf68e7	YOU:BeBe.	
VariabiliEFunzioni-inizio_lounge-cc062246	DOGRON: Bebe, per te Miss Italia finisce qui!	
VariabiliEFunzioni-inizio_lounge-f1e28a5e	YOU:Piiiietro.	
VariabiliEFunzioni-inizio_lounge-3769148d	DOGRON: Piiiietro, il mio numero preferito: sei stato eliminato!	
VariabiliEFunzioni-inizio_lounge-763e2399	YOU:Ugo e Mimi.	
VariabiliEFunzioni-inizio_lounge-53406eaf	DOGRON: Mimi, sashay away.	
VariabiliEFunzioni-inizio_lounge-dcf1b540	YOU:Quello.	
VariabiliEFunzioni-inizio_lounge-6b324218	DOGRON: Oh. Oh. Amico mio, spero perdonerai questa persona concorrente, ma dovrai andartene. Ci rivedremo nel prato infinito!	
VariabiliEFunzioni-inizio_lounge-7f6d5497	YOU:Il divo.	
VariabiliEFunzioni-inizio_lounge-bc73c9d9	DOGRON: spiace, circa. Addio Divo!	
VariabiliEFunzioni-inizio_lounge-94aa67f6	YOU: Nessuna persona!	
VariabiliEFunzioni-inizio_lounge-68392198	DOGRON: Mi piace questo modo di ragionare!	
VariabiliEFunzioni-inizio_lounge-32588bf1	DOGRON: Vuoi riportare una persona concorrente tra noi?	
VariabiliEFunzioni-inizio_lounge-4c92b155	YOU:BeBe!	
VariabiliEFunzioni-inizio_lounge-f9cdffce	DOGRON:Bentornata BeBe!	
VariabiliEFunzioni-inizio_lounge-4f6c9101	YOU:Piiiietro!	
VariabiliEFunzioni-inizio_lounge-7ef8aaf1	DOGRON: Ed ecco a voi di nuovo: Piiiietro!	
VariabiliEFunzioni-inizio_lounge-6d97329f	YOU: Ugo e Mimi!	
VariabiliEFunzioni-inizio_lounge-f8b6fe01	DOGRON: Mimììì! Che bello averti qui con noi di nuovo!	
VariabiliEFunzioni-inizio_lounge-02f8627a	YOU: Quello.	
VariabiliEFunzioni-inizio_lounge-6835ea54	DOGRON: Ma ciao amico mio, finalmente!	
VariabiliEFunzioni-inizio_lounge-a9079a4c	YOU: Il Divo.	
VariabiliEFunzioni-inizio_lounge-9766501d	DOGRON: Toh, è tornato!	
VariabiliEFunzioni-inizio_lounge-faefd3ca	YOU: MMM, sto bene così, grazie.	
VariabiliEFunzioni-inizio_lounge-17eab8fd	DOGRON: Ah, uuuuh, mi sembra crudele ma il gioco è questo, no?	
VariabiliEFunzioni-EliminazioneConcorrente-81604c5d	DOGRON: Complimenti, hai vinto a scapito di:	
VariabiliEFunzioni-moveToLounge-c5d09607	[[[move to lounge]]]	
VariabiliEFunzioni-moveToKitchen-f26201b6	[[[move to kitchen]]]	
VariabiliEFunzioni-loungeDialogue-e899119d	[[[talk with {char}]]]	
PrimaGiornata-passaggio_lounge_giorno_uno-9d074c9e	DOGRON: Buuuuuuuuongiorno persone concorrenti, e benvenute a questa prima puntata di THE GOOD DOG SHOW! Oggi vi metteremo alla prova chiedendovi di...	
PrimaGiornata-passaggio_lounge_giorno_uno-3b5508c5	DOGRON: Cucinare qualcosa che mangereste tuuuuuuutti i giorni!	
PrimaGiornata-passaggio_lounge_giorno_uno-1644819a	DOGRON: Avete a disposizione qualche minuto per chiacchierare tra voi, prima di buuuuttarvi in cucina. Tradotto nelle regole del programma: un massimo di {num_loop_rimanenti+1} persone!	
PrimaGiornata-passaggio_lounge_giorno_uno-9a0a5440	DOGRON: Starà a voi decidere se condividere i vostri segreti, ingannare le altre persone, o farvi dare dei grattini! E massima attenzione, perché in THE GOOD DOG tuuuutto cambia in un battito di ciglia!	
PrimaGiornata-passaggio_lounge_giorno_uno-10ac80e5	$	
PrimaGiornata-passaggio_lounge_giorno_uno-deee1def	@BeBe	
PrimaGiornata-passaggio_lounge_giorno_uno-10338ff7	@UgoEMimi	
PrimaGiornata-passaggio_lounge_giorno_uno-f2ef8485	@Piiiietro	
PrimaGiornata-passaggio_lounge_giorno_uno-ba80acbb	@Quello	
PrimaGiornata-passaggio_lounge_giorno_uno-97c665a7	@ilDivo	
PrimaGiornata-passaggio_lounge_giorno_uno-fbb53347	UgoEMimi: Ugo, non credo sia il caso.	
PrimaGiornata-passaggio_lounge_giorno_uno-85a3c447	UgoEMimi: Mimi, decido IO quando è il caso. E si dia il caso che qui sono pieni di soldi e io ho bisogno di un publisher!	
PrimaGiornata-passaggio_lounge_giorno_uno-0c3a485b	UgoEMimi: Ugo, una persona ci sta guardando.	
PrimaGiornata-passaggio_lounge_giorno_uno-482a7d7f	YOU: Ehm, salve!	
PrimaGiornata-passaggio_lounge_giorno_uno-ebf72c08	UgoEMimi: Salve, io sono Ugo, e lei è mia moglie Mimi. Mia.	
PrimaGiornata-passaggio_lounge_giorno_uno-6621dbc9	YOU: Anche voi siete qui contro la vostra volontà?	
PrimaGiornata-passaggio_lounge_giorno_uno-2e3de7f6	UgoEMimi: Beh, mio marito...	
PrimaGiornata-passaggio_lounge_giorno_uno-9f37ead9	UgoEMimi: Mimi è timida ma sì, siamo qui perché lo vogliamo.	
PrimaGiornata-passaggio_lounge_giorno_uno-2f50469e	YOU: Bel taglio di capelli, signora!	
PrimaGiornata-passaggio_lounge_giorno_uno-7448cbec	UgoEMimi: Merito mio, ho scelto io la sua parrucchiera, da bravo marito!	
PrimaGiornata-passaggio_lounge_giorno_uno-3de0d279	UgoEMimi: E tu, cosa ci fai qui?	
PrimaGiornata-passaggio_lounge_giorno_uno-a8d443a5	UgoEMimi: Ugo, non essere scortese, siamo tutte tese da questa novità!	
PrimaGiornata-passaggio_lounge_giorno_uno-7875eaea	YOU: Me lo chiedo anche io.	
PrimaGiornata-passaggio_lounge_giorno_uno-6118c2d6	YOU: Credo sia una punizione da parte del Culto.	
PrimaGiornata-passaggio_lounge_giorno_uno-45e918c6	YOU: Ricordo solo la mia stanza, del cloroformio...	
PrimaGiornata-passaggio_lounge_giorno_uno-22af23a6	UgoEMimi: Hai bisogno di una mano per cucinare, tesoro?	
PrimaGiornata-passaggio_lounge_giorno_uno-4354dbfa	UgoEMimi: Mimi! Che aiuti la concorrenza? Mi servono i soldi per il publisher!	
PrimaGiornata-passaggio_lounge_giorno_uno-0ef65c23	UgoEMimi: Ugo, ma non è che voglio dire a questa persona che per un aspic perfetto il segreto è la migliore <b>colla di pesce</b> e <b>filtrarla</b> con delicatezza.	
PrimaGiornata-passaggio_lounge_giorno_uno-effedee8	YOU: La ringrazio signora, ma gli anni'80 sono finiti da quel dì!	
PrimaGiornata-passaggio_lounge_giorno_uno-f7b48275	YOU: Non mangio un aspic dal giorno in cui hanno sacrificato nonna a Adramelech per la mia iniziazione, quanti ricordi!	
PrimaGiornata-passaggio_lounge_giorno_uno-4024d016	YOU: Signora, se ha bisogno di aiuto batta le ciglia due volte.	
PrimaGiornata-passaggio_lounge_giorno_uno-cf520d45	YOU: Con questa luce non si capisce un cazzo. Riprovi!	
PrimaGiornata-passaggio_lounge_giorno_uno-9fe67479	UgoEMimi: Mimi, andiamocene! Credo di aver visto una tizia con un iPod, forse è un audio designer!	
PrimaGiornata-passaggio_lounge_giorno_uno-d6cdf648	BeBe: Eppure ero sicura di averli messi qui, acciderbolina!	
PrimaGiornata-passaggio_lounge_giorno_uno-263e899e	YOU: Hai perso qualcosa?	
PrimaGiornata-passaggio_lounge_giorno_uno-b0dba1bd	BeBe: I miei occhiali da sole! Non mi piace andare in giro senza.	
PrimaGiornata-passaggio_lounge_giorno_uno-a0ee28a5	YOU: Li hai addosso, sai?	
PrimaGiornata-passaggio_lounge_giorno_uno-cb008601	BeBe: Uh, che distratta che sono! Sai, avere otto, ehm, sette figlie rende tutto difficile.	
PrimaGiornata-passaggio_lounge_giorno_uno-d0eb15fd	YOU: Ma non c'è il sole qui. Forse manco su tutto il pianeta.	
PrimaGiornata-passaggio_lounge_giorno_uno-d0d576f7	BeBe: Però c'è dell'erba, ne sento l'odore!	
PrimaGiornata-passaggio_lounge_giorno_uno-e4048c5d	YOU: Mmm sì sì certo.	
PrimaGiornata-passaggio_lounge_giorno_uno-02b895de	BeBe: Stai citando quel nuovo gruppo K-Pop, le Blink of an eye?	
PrimaGiornata-passaggio_lounge_giorno_uno-ae1e9df7	BeBe: Ma come ti stai trovando qui, dolcezza? Hai tutto quello di cui hai bisogno?	
PrimaGiornata-passaggio_lounge_giorno_uno-5e9022d4	YOU: Non so dove sono, vorrei solo scappare.	
PrimaGiornata-passaggio_lounge_giorno_uno-fb8d1fa0	BeBe: Se vinco, ti prometto che ti porterò con me, ho ancora una cameretta libera!	
PrimaGiornata-passaggio_lounge_giorno_uno-c6adc449	YOU: L'ultima volta che ho cucinato, la mia casa è esplosa.	
PrimaGiornata-passaggio_lounge_giorno_uno-bac1485b	BeBe: Succede a tutte le persone, prima o poi.	
PrimaGiornata-passaggio_lounge_giorno_uno-35dc7b95	YOU: Non dovrei essere qui. Il Culto mi sta cercando.	
PrimaGiornata-passaggio_lounge_giorno_uno-3d44ecf2	BeBe: Culto?	
PrimaGiornata-passaggio_lounge_giorno_uno-eef2e7de	YOU: Piuttosto, cosa hai deciso di cucinare per la prima puntata?	
PrimaGiornata-passaggio_lounge_giorno_uno-4097a612	BeBe: Uh sai, pur essendo una pecora in carriera, essere una madre single di otto, uffa, sette agnelline ti obbliga a fare i conti coi soldi.	
PrimaGiornata-passaggio_lounge_giorno_uno-56306391	BeBe: Per cui penso preparerò della zuppa di pane e <b>cipolla</b> da <b>affettare</b>.	
PrimaGiornata-passaggio_lounge_giorno_uno-f1b089c0	BeBe: La cipolla rende tutto buonissimo, e non costa niente.	
PrimaGiornata-passaggio_lounge_giorno_uno-bc591d3f	YOU: Uh, ora capisco l'alito.	
PrimaGiornata-passaggio_lounge_giorno_uno-c5204149	YOU: Io son più persona da snack, sai?	
PrimaGiornata-passaggio_lounge_giorno_uno-45baff71	YOU: Grazie del consiglio.	
PrimaGiornata-passaggio_lounge_giorno_uno-e955755f	BeBe: Comunque non mi sono presentata! Sono Bebe. Ora vado a prepararmi per la fase di cucina, spero di ritrovarti presto!	
PrimaGiornata-passaggio_lounge_giorno_uno-455bc5bf	YOU: Buona fortuna.	
PrimaGiornata-passaggio_lounge_giorno_uno-746ea346	YOU: Ti batterò.	
PrimaGiornata-passaggio_lounge_giorno_uno-a24cd97d	YOU: Come si esce da qui?!?!?	
PrimaGiornata-passaggio_lounge_giorno_uno-7a952677	Piiiietro: Bruiser Woods! Dove sei finito? Cristo, ti sei portato via anche il mio rosario di Gucci!	
PrimaGiornata-passaggio_lounge_giorno_uno-e1d17358	Piiiietro: L'avevo detto a Snooki, oh se gliel'avevo detto, che era una pessima idea, ma lei no, no! Bruiser!	
PrimaGiornata-passaggio_lounge_giorno_uno-524084e3	YOU: Bruiser Woods?	
PrimaGiornata-passaggio_lounge_giorno_uno-3012e76c	Piiiietro: Sì, come quel Bruiser, e non lo trovo!	
PrimaGiornata-passaggio_lounge_giorno_uno-e9760f3f	YOU: Rosario di Gucci?	
PrimaGiornata-passaggio_lounge_giorno_uno-6c512be5	Piiiietro: Sì, un regalo di mia nonna Scianel per festeggiare il mio sedicesimo.	
PrimaGiornata-passaggio_lounge_giorno_uno-9964bf8f	YOU: Snookie?	
PrimaGiornata-passaggio_lounge_giorno_uno-d452485d	Piiiietro: Scusa, ho firmato un NDA, non posso dire altro.	
PrimaGiornata-passaggio_lounge_giorno_uno-2d31ac32	Piiiietro: Tornerà, spero. Questo pianeta sembra minuscolo comunque, non ci saranno altre cagnoline.	
PrimaGiornata-passaggio_lounge_giorno_uno-052c0cc1	Piiiietro: Comunque piacere, sono Piiiietro, studentessa di matematica. A quattordici anni ho risolto il gioco di Collatz.	
PrimaGiornata-passaggio_lounge_giorno_uno-0212dabe	Piiiietro: A quindici le equazioni di Navier-Stokes ma non ho ancora ricevuto la medaglia Fields perché dopo quella storia di Perel'man hanno paura di fare casini.	
PrimaGiornata-passaggio_lounge_giorno_uno-d6986ba8	Piiiietro: Ma tu non stai capendo una ceppa, vero?	
PrimaGiornata-passaggio_lounge_giorno_uno-946eff63	YOU: In realtà Perel'man alle medie mi copiava.	
PrimaGiornata-passaggio_lounge_giorno_uno-4ac184b2	YOU: Sto ancora pensando al rosario di Gucci.	
PrimaGiornata-passaggio_lounge_giorno_uno-5a906315	YOU: No, ma settimana scorsa ho azzeccato al primo colpo il resto al supermercato.	
PrimaGiornata-passaggio_lounge_giorno_uno-869ef3ee	Piiiietro: Che se non trovo il rosario mia nonna mi uccide, sai?	
PrimaGiornata-passaggio_lounge_giorno_uno-dc709ce5	Piiiietro: La famiglia tutta. Sono tutti così religiosi, pensa che hanno un santino di Paolo Brosio sul caminetto che sbatte gli occhi.	
PrimaGiornata-passaggio_lounge_giorno_uno-a157114f	Piiiietro: Mi hanno obbligata a studiare matematica per confermare l'esistenza di Dio.	
PrimaGiornata-passaggio_lounge_giorno_uno-ba12103d	YOU: E sei anche un'ottima cuoca, quindi?	
PrimaGiornata-passaggio_lounge_giorno_uno-72807e4f	Piiiietro: Cuoca? In che senso, cuoca?	
PrimaGiornata-passaggio_lounge_giorno_uno-4735ed87	YOU: Beh, questo è un programma di cucina, credo ci abbiano rapite etc etc.	
PrimaGiornata-passaggio_lounge_giorno_uno-1e68309d	Piiiietro: Non siamo ad Amici?!?	
PrimaGiornata-passaggio_lounge_giorno_uno-eb1ac238	YOU: Dovremmo ballare su quell'enorme cucina a gas?	
PrimaGiornata-passaggio_lounge_giorno_uno-52a86a92	YOU: Cuccarini ha detto cose che manco un cane, ma non credo.	
PrimaGiornata-passaggio_lounge_giorno_uno-076025bf	YOU: No grazie, preferisco il rapimento.	
PrimaGiornata-passaggio_lounge_giorno_uno-77ad6609	Piiiietro: Ma io so giusto cucinare un piatto di pasta col <b>tonno in scatola</b> e <b>mescolare</b>, cazzo ci faccio qui?	
PrimaGiornata-passaggio_lounge_giorno_uno-3c02394e	Piiiietro: Bruiser, Bruiser dove sei? Dobbiamo andarcene da qui! A dopo, o a mai più!	
PrimaGiornata-passaggio_lounge_giorno_uno-73d4a593	Quello: Ma buongiorno splendore lunare! Non trovi che questo posto sia magnifico?	
PrimaGiornata-passaggio_lounge_giorno_uno-29bccc1b	YOU: Ma tu sai come sei arrivato qui?	
PrimaGiornata-passaggio_lounge_giorno_uno-0dc7ab58	YOU: Credo di aver visto un cadavere prima dietro alla telecamera. E mi ha fatto l'occhiolino.	
PrimaGiornata-passaggio_lounge_giorno_uno-52195fc3	YOU: Sempre meglio della Chiesa del Culto, credo.	
PrimaGiornata-passaggio_lounge_giorno_uno-c3dffbc6	Quello: Sento un po' la pressione, sai? Tutta questa gente professionista, e io che sono solo un piccolo pasticcere, come mi ricorda sempre il Divo. Molto molto piccolo. Infimo quasi.	
PrimaGiornata-passaggio_lounge_giorno_uno-e1facb15	YOU: Il Divo?	
PrimaGiornata-passaggio_lounge_giorno_uno-ae66fb35	Quello: Sì, il mio capo, un uomo severo ma affettuoso a modo suo. Mi ha obbligato a venire qui, così se vinco i soldi vanno al suo ristorante.	
PrimaGiornata-passaggio_lounge_giorno_uno-3623ce52	YOU: Ti lasci dire queste cose?	
PrimaGiornata-passaggio_lounge_giorno_uno-2bbd2f7f	Quello: Ogni apprendista merita la lezione dell'umiltà, non trovi?	
PrimaGiornata-passaggio_lounge_giorno_uno-94feb722	YOU: La cosa più complessa che ho cucinato è una caprese, e ci ho perso un dito.	
PrimaGiornata-passaggio_lounge_giorno_uno-1d1f0433	Quello: Il Divo dice che è importante lasciare sempre qualcosa di sé in ciò che cuciniamo, sai?	
PrimaGiornata-passaggio_lounge_giorno_uno-8ee23824	Quello: Comunque piacere, il mio nome è Quello. A volte Quello Lì, altre volte Quell'altro. Le persone sanno essere così creative.	
PrimaGiornata-passaggio_lounge_giorno_uno-abfb0431	Quello: Come cercherai di stupire Dogron?	
PrimaGiornata-passaggio_lounge_giorno_uno-16e9972e	YOU: Non ferendo nessuno.	
PrimaGiornata-passaggio_lounge_giorno_uno-69ee561b	YOU: Fuggendo mentre tutte voi cucinate.	
PrimaGiornata-passaggio_lounge_giorno_uno-5931c5e8	YOU: Uova al tegamino?	
PrimaGiornata-passaggio_lounge_giorno_uno-d6fbc945	Quello: Woah, tu hai le idee chiarissime! Io volevo puntare su delle meringhe, ma il Divo l'ultima volta le ha definite troppo meringose, e non va bene. Capisce cosa è giusto in un colpo d'occhio!	
PrimaGiornata-passaggio_lounge_giorno_uno-12687051	Quello: So solo fare dolci, e allora pensavo di prendere del <b>burro</b> e un po' di altre cose, <b>montare</b> con pazienza a mano tutto e fare dei semplici baci di Dama.	
PrimaGiornata-passaggio_lounge_giorno_uno-e0d7bbd2	YOU: Semplici. Certo.	
PrimaGiornata-passaggio_lounge_giorno_uno-a3f01212	Quello: Ora vado a pulire le unghie de il Divo, che poverino da solo non riesce. A dopo, è stato bello parlarti. Parlare.	
PrimaGiornata-passaggio_lounge_giorno_uno-722dcd35	ilDivo: No no, niente Oprah per me, non mi abbasso certo al suo livello!	
PrimaGiornata-passaggio_lounge_giorno_uno-8fd51671	ilDivo: Ehi, ehi tu!	
PrimaGiornata-passaggio_lounge_giorno_uno-c3054c02	YOU: Dici a me?	
PrimaGiornata-passaggio_lounge_giorno_uno-e4aecb5c	ilDivo: Sì, a te, mica c'è altra gente in giro. Ah no, sì, ero al telefono con la segretaria. Di nuovo! Che ce l'hai un po' di <b>zafferano</b>?	
PrimaGiornata-passaggio_lounge_giorno_uno-3044a837	YOU: Sento un attimo lo spaccino e ti dico.	
PrimaGiornata-passaggio_lounge_giorno_uno-e3ac2e26	ilDivo: Ok, senti se ha anche della bamba allora.	
PrimaGiornata-passaggio_lounge_giorno_uno-0423bc7d	YOU: Per questo sei tutto giallo?	
PrimaGiornata-passaggio_lounge_giorno_uno-f8b38221	ilDivo: Guarda che son rosso. Te li ha insegnati Dogron, i colori?	
PrimaGiornata-passaggio_lounge_giorno_uno-f95bb227	YOU: Tu hai idea di dove siamo, piuttosto?	
PrimaGiornata-passaggio_lounge_giorno_uno-94561fcf	ilDivo: Stagista inutile. Sempre inutili, cristo!	
PrimaGiornata-passaggio_lounge_giorno_uno-aece9cd0	ilDivo: No no, non parlavo con te. Oh, madonna, ascolta, ci sentiamo dopo. E vedi di fare quelle tre ore di straordinario non pagato per cui siamo d'accordo, va bene?!?!	
PrimaGiornata-passaggio_lounge_giorno_uno-1421b3a5	ilDivo: E pulisci la cucina, non mi importa che il ristorante sia chiuso.	
PrimaGiornata-passaggio_lounge_giorno_uno-f49a8998	ilDivo: Eccomi, ovviamente ti starai chiedendo cosa ci faccio qui.	
PrimaGiornata-passaggio_lounge_giorno_uno-c3054c02	YOU: Dici a me?	
PrimaGiornata-passaggio_lounge_giorno_uno-1fee7ce9	ilDivo: E a chi sennò, bauscia?!? Vuoi un autografo, immagino?	
PrimaGiornata-passaggio_lounge_giorno_uno-1e884e89	ilDivo: O il mio segreto per <b>mantecare</b> il risotto ala milanese?	
PrimaGiornata-passaggio_lounge_giorno_uno-d2205572	ilDivo: Che sei single?	
PrimaGiornata-passaggio_lounge_giorno_uno-771f225c	ilDivo: Ah, ma non mi far perdere tempo. Cercami Quello, e portami un paio di etti di caviale e coca per la merendina del campione.	
PrimaGiornata-cucina_giorno_uno-b34ddeae	Total è	
PrimaGiornata-cucina_giorno_uno-395428ab	1	
PrimaGiornata-cucina_giorno_uno-359010b0	2	
PrimaGiornata-cucina_giorno_uno-106e83bb	3	
PrimaGiornata-cucina_giorno_uno-cad41c3a	done	
PrimaGiornata-cucina_giorno_uno-c5b07325	DOGRON: Uh, ma una persona qui ha usato la possibilità di scampare la morte, anche se ha perso! Fortunata questa persona casuale, sì sì!	
SecondaGiornata-passaggio_lounge_giorno_due-c3334a37	DOGRON: Ma persone amiche, siamo già alla seconda giornata di THE GOOD DOG (very very good dog!) SHOW!!! Non siete suuuuuupermegafelici e scodinzolanti?!? Oh, quanto non vorrei vedervi mai andare via!	
SecondaGiornata-passaggio_lounge_giorno_due-036c91ee	DOGRON: Ma se non eliminassimo qualcuno, come potremmo trovare un sostituto perfetto per, per, per la cucina più grande di Urano?	
SecondaGiornata-passaggio_lounge_giorno_due-a3b024c0	DOGRON: E a proposito di Uuuuuuuurano, il tema di oggi è: un pasto per quando vengono i veri veri amici!	
SecondaGiornata-passaggio_lounge_giorno_due-0ddf29a9	DOGRON: Vi lascio qualche minuto per le chiacchiere e poi si parte!	
SecondaGiornata-passaggio_lounge_giorno_due-10ac80e5	$	
SecondaGiornata-passaggio_lounge_giorno_due-deee1def	@BeBe	
SecondaGiornata-passaggio_lounge_giorno_due-10338ff7	@UgoEMimi	
SecondaGiornata-passaggio_lounge_giorno_due-f2ef8485	@Piiiietro	
SecondaGiornata-passaggio_lounge_giorno_due-ba80acbb	@Quello	
SecondaGiornata-passaggio_lounge_giorno_due-97c665a7	@ilDivo	
SecondaGiornata-passaggio_lounge_giorno_due-38b13b04	UgoEMimi: Mimi, no, sei tu che non capisci! Kojima l'ha paragonato a <b>Skyrim</b>! E Kojima non sbaglia mai!	
SecondaGiornata-passaggio_lounge_giorno_due-0b3378df	UgoEMimi: Ugo, non voglio contraddirti, lo sai, ma era un sogno!	
SecondaGiornata-passaggio_lounge_giorno_due-980a7040	UgoEMimi: E mi dici che i sogni mentono, eh?! Non sognavi di cucinare per sempre, e ora vedi dove siamo?	
SecondaGiornata-passaggio_lounge_giorno_due-c9292e52	UgoEMimi: Il mio sogno era aprire un negozio di attrezzi per elettricisti, non cucinare <b>vol-au-vent</b> tutto il sabato per quei buzzurri dei tuoi amici!	
SecondaGiornata-passaggio_lounge_giorno_due-87e331c4	UgoEMimi: Mimi, stai esagerando, ora! E sai cosa succede quando mi incazzo!	
SecondaGiornata-passaggio_lounge_giorno_due-8cffc3b8	YOU: Signor Ugo, quindi sta creando un videogioco?	
SecondaGiornata-passaggio_lounge_giorno_due-2f3a2ad3	UgoEMimi: Oh, più di un videogioco, IL videogioco! Sarà uno sparatutto slasher stealth ma non troppo con elementi 4X e una gara di macchine e gestione delle risorse in modalità multiplayer con microtransazioni, NFT e un sacco di DLC!	
SecondaGiornata-passaggio_lounge_giorno_due-5e45bb8f	UgoEMimi: Ma per ora Ugo ha creato solo il titolo e una cover con Paint.	
SecondaGiornata-passaggio_lounge_giorno_due-179fb569	YOU: Signora Mimi, quindi è appassionata di elettricismo, si dice così?	
SecondaGiornata-passaggio_lounge_giorno_due-82f5343a	UgoEMimi: Una donna non può appassionarsi di elettricità, Mimì è brava solo a pulire, cucinare e stirare.	
SecondaGiornata-passaggio_lounge_giorno_due-538ade14	UgoEMimi: Infatti viviamo solo in una casa dove ho fatto tutte le messe a terra.	
SecondaGiornata-passaggio_lounge_giorno_due-288cffef	YOU: Non so cosa abbiate, ma nel culto se non ti fai i cazzi tuoi muori male. Ciaone.	
SecondaGiornata-passaggio_lounge_giorno_due-004d3c21	BeBe: Ma ciao! Chi l'avrebbe mai detto che sarei sopravvissuta al primo giorno? Nella non ce l'ha fatta.	
SecondaGiornata-passaggio_lounge_giorno_due-84a0fb93	 BeBe: Comunque ieri non ho avuto modo di presentarmi, sono BeBe, madre single di otto, ehm, sette agnelline.	
SecondaGiornata-passaggio_lounge_giorno_due-49d520d2	YOU: Nella?	
SecondaGiornata-passaggio_lounge_giorno_due-f24d4eb3	BeBe: Una lunga storia, una lunga lunga storia.	
SecondaGiornata-passaggio_lounge_giorno_due-66fbe2b8	YOU: Perché giri con una mannaia?	
SecondaGiornata-passaggio_lounge_giorno_due-e1c0e5a5	BeBe: Mannaia? Quale mannaia?	
SecondaGiornata-passaggio_lounge_giorno_due-3eba9482	YOU: Mi dispiace per chi è uscito. Ma scusa, chi è uscito?!?	
SecondaGiornata-passaggio_lounge_giorno_due-c9c6fb96	BeBe: Secondo te mi ricordo i nomi di tutti voi, con le mie agnelline a casa?	
SecondaGiornata-passaggio_lounge_giorno_due-a42e0754	BeBe: Ma parliamo di cose belle, visto il tema di oggi: hai persone amiche che ti aspettano? Io ho solo le mie otto, uh, sette figlie, e sono la loro migliore amica.	
SecondaGiornata-passaggio_lounge_giorno_due-b69bb05e	BeBe: La migliore mamma e amica che ci sia. Farei di tutto per loro!	
SecondaGiornata-passaggio_lounge_giorno_due-8b18c589	YOU: Certo, se ne sei convinta tu...	
SecondaGiornata-passaggio_lounge_giorno_due-78e18cf0	YOU: Ho Micia che mi aspetta a casa, lei è la mia vita.	
SecondaGiornata-passaggio_lounge_giorno_due-9ce007db	YOU: Ci sono un po' di persone nel culto con cui vado d'accordo, sai? Ma non troppe.	
SecondaGiornata-passaggio_lounge_giorno_due-b9c6dcd6	YOU: Hai qualche ricetta segreta su cui puntare, oggi?	
SecondaGiornata-passaggio_lounge_giorno_due-01068403	BeBe: Se te la dicessi, non sarebbe segreta, non trovi?	
SecondaGiornata-passaggio_lounge_giorno_due-502966b1	BeBe: Scherzo, se il tema è "cibo per persone amiche" è ovvio che condivido.	
SecondaGiornata-passaggio_lounge_giorno_due-b43dd44d	BeBe: E tu sei una persona amica per me vero?	
SecondaGiornata-passaggio_lounge_giorno_due-a663010a	YOU: Ceeerto che sì!	
SecondaGiornata-passaggio_lounge_giorno_due-bbfbfb1d	YOU: (menti) Ceeeerto che sì!	
SecondaGiornata-passaggio_lounge_giorno_due-390d97fe	YOU: (ironicamente) Ceeerto che sì!	
SecondaGiornata-passaggio_lounge_giorno_due-4cc139a9	BeBe: Questo mi rassicura. Non amo le persone che mi prendono per le orecchie.	
SecondaGiornata-passaggio_lounge_giorno_due-28cd5734	BeBe: Comunque, pensavo: cos'è la vera amicizia? E ovviamente ho pensato alle mie otto, ehm, sette figlie. E cosa amano fare quando siamo tutte assieme? I videogiochi!	
SecondaGiornata-passaggio_lounge_giorno_due-d127765a	BeBe: Mi diverte un sacco quando dicono in modo affettuoso "No mamma, non giocare con noi stasera, ti preghiamo!". Son così tenere.	
SecondaGiornata-passaggio_lounge_giorno_due-02b372c9	BeBe: E quindi pensavo di fare dei cestini con dei <b>blocchi d'erba</b> fritti, e le <b>uova di pecora</b>.	
SecondaGiornata-passaggio_lounge_giorno_due-4dc7c799	YOU: Uova di pecora?	
SecondaGiornata-passaggio_lounge_giorno_due-c7cd8f23	BeBe: Certo. In amicizia il sacrificio è importante!.	
SecondaGiornata-passaggio_lounge_giorno_due-f6c4f229	BeBe: Ma ora devo andare un attimo a covare. A dopo!	
SecondaGiornata-passaggio_lounge_giorno_due-33c9a231	YOU: Ehm, a dopo.	
SecondaGiornata-passaggio_lounge_giorno_due-0e0faac0	Piiiietro: <b>Tonno in scatola</b> e <b>scolare</b>.	
SecondaGiornata-passaggio_lounge_giorno_due-62e2e0c0	YOU: Come, scusa?	
SecondaGiornata-passaggio_lounge_giorno_due-1630d4fa	YOU: Ah, perfetto, a dopo.	
SecondaGiornata-passaggio_lounge_giorno_due-7c7c9203	YOU: Non sai cucinare altro?	
SecondaGiornata-passaggio_lounge_giorno_due-41120b8d	Piiiietro: Che ho visto ieri che guardavi cosa stavo cucinando. Fanno tutte così, a copiare il lavoro delle altre persone, e poi.	
SecondaGiornata-passaggio_lounge_giorno_due-e5f96d48	YOU: Potrebbe sorprenderti, ma cucino persino peggio di te.	
SecondaGiornata-passaggio_lounge_giorno_due-4178734e	Piiiietro: Non esageriamo, ho visto cosa hai tirato fuori ieri!	
SecondaGiornata-passaggio_lounge_giorno_due-ad1cfe9e	YOU: Hai trovato poi il tuo cane?	
SecondaGiornata-passaggio_lounge_giorno_due-9476135f	Piiiietro: No, e ho trovato la sua pelliccia di zibellino russo abbandonata dietro una poltrona.	
SecondaGiornata-passaggio_lounge_giorno_due-964b2f56	Piiiietro: Ma fa sempre così, quando gli vieto di andare in vacanza da qualche parte.	
SecondaGiornata-passaggio_lounge_giorno_due-6d84ad1f	YOU: Ma il rosario poi?	
SecondaGiornata-passaggio_lounge_giorno_due-1ae9ae81	Piiiietro: Credo di averlo visto addosso a Dogron, dovrò indagare meglio.	
SecondaGiornata-passaggio_lounge_giorno_due-323eeef4	Piiiietro: Comunque ieri la produzione mi ha detto che non me ne posso andare, che ho firmato un contratto, e che se l'errore è del mio agente a loro non cambia nulla.	
SecondaGiornata-passaggio_lounge_giorno_due-85a0e2a5	YOU: Agente?	
SecondaGiornata-passaggio_lounge_giorno_due-f4c99068	Piiiietro: Agente matematico. Facciamo sfide tipo come il rap, ma a suon di equazioni. Non sembra ma è superfaticoso, l'anno scorso due concorrenti sono morti disidratati pur di finire, oh, non ricordo manco cosa, tanto vinco sempre.	
SecondaGiornata-passaggio_lounge_giorno_due-18f401f0	Piiiietro: Sono così brava in matematica.	
SecondaGiornata-passaggio_lounge_giorno_due-296185f8	Piiiietro: Ma ora ti saluto, che devo sistemare i diamantini sui denti prima dell'episodio.	
SecondaGiornata-passaggio_lounge_giorno_due-0491f604	 Piiiietro: Ah, ieri non ci siamo presentate: mi chiamo Piiiietro.	
SecondaGiornata-passaggio_lounge_giorno_due-5022661a	 Quello: Ciao! Io sono Quello, o Quello Lì a volte. Ti guardavo cucinare ieri e woah, te la cavi benissimo!	
SecondaGiornata-passaggio_lounge_giorno_due-9eb5efe7	Quello: Io sono un po' in difficoltà oggi, sai?	
SecondaGiornata-passaggio_lounge_giorno_due-f5caa7e7	Quello: Tutti i miei "veri amici" sono morti, sai?	
SecondaGiornata-passaggio_lounge_giorno_due-63d47775	YOU: Ma come quella battuta sui dinosauri?	
SecondaGiornata-passaggio_lounge_giorno_due-b9b09a13	YOU: Questo è il momento in cui devo dire che mi dispiace, vero?	
SecondaGiornata-passaggio_lounge_giorno_due-812cce39	YOU: Ho visto una pecora molto amichevole prima. Se vuoi parlare con lei...	
SecondaGiornata-passaggio_lounge_giorno_due-7d90f0b4	Quello: Non ti ammorbo con questa storia triste, promesso. Però non riesco a non pensare a ricette che non abbiano delle <b>lacrime</b>. Un sacco.	
SecondaGiornata-passaggio_lounge_giorno_due-06e4de1a	YOU: Non rovinano il sapore?	
SecondaGiornata-passaggio_lounge_giorno_due-44fb795f	Quello: Dipende. Con il <b>cacao amaro</b> il salato ci sta bene. Potrei fare una torta.	
SecondaGiornata-passaggio_lounge_giorno_due-c375c538	Quello: Una torta da non dividere con nessuna persona.	
SecondaGiornata-passaggio_lounge_giorno_due-b09cdc20	Quello: A parte il Divo, che non mangerebbe però mai, perché gli farebbe schifo sulla fiducia. E ha ragione.	
SecondaGiornata-passaggio_lounge_giorno_due-a6a547b3	Quello: Scusa, la tristezza è vietata dal contratto di lavoro. A dopo, in bocca al lupo!	
SecondaGiornata-passaggio_lounge_giorno_due-8d67774e	ilDivo: Ho capito che è il Papa, ma può pure aspettare, che c'ho da aprire una nuova sede a Dubai prima di pranzo, va bene?!?	
SecondaGiornata-passaggio_lounge_giorno_due-45ae2a5b	YOU: Ma perché mi ostino a parlare con questo?	
SecondaGiornata-passaggio_lounge_giorno_due-301fdcf3	ilDivo: Ma ciao splendore! Ci conosciamo?	
SecondaGiornata-passaggio_lounge_giorno_due-ed16ca1e	YOU: Abbiamo parlato ieri assieme, tipo. Oprah, la bamba, lo zafferano?	
SecondaGiornata-passaggio_lounge_giorno_due-ec0fe6bc	YOU: Non ho ancora avuto la fortuna, no.	
SecondaGiornata-passaggio_lounge_giorno_due-acc0299b	ilDivo: Mi chiamano il Divo, ma è un eufemismo. Pensa che alla Casa Bianca hanno un mio ritratto, così per dire.	
SecondaGiornata-passaggio_lounge_giorno_due-241d87d1	ilDivo: Sulla Treccani c'è la mia foto sotto la definizione di "In", non come la preposizione ovvio ma che te lo dico che forse non hai fatto le medie ma te l'ho già chiesto, sei single?	
SecondaGiornata-passaggio_lounge_giorno_due-9b4378c4	YOU: Sì, e ogni volta che incontro un uomo mi ricordo perché.	
SecondaGiornata-passaggio_lounge_giorno_due-2d90079d	YOU: No, ho qualcuno che mi aspetta a casa, ma non so come tornarci!	
SecondaGiornata-passaggio_lounge_giorno_due-6483208c	YOU: Credo di avere una cotta per una delle persone qui in studio.	
SecondaGiornata-passaggio_lounge_giorno_due-5554b608	ilDivo: Ovvio che poi ti innamori di me, ovvio. Bella Hadid ha deciso di non <b>specchiarsi</b> più dopo che mi ha visto.	
SecondaGiornata-passaggio_lounge_giorno_due-424ec958	ilDivo: Però poi la vita è difficile.	
SecondaGiornata-passaggio_lounge_giorno_due-268283e1	ilDivo: Perché ti dicono "Ehi, che fortuna essere una specie con 23000 generi sessuali diversi, deve essere una gran bazza", ma poi anche da noi ci son cose binarie, e finisce che io mi innamoro, e...	
SecondaGiornata-passaggio_lounge_giorno_due-6f22ae7a	ilDivo: Ma che ti sto a dire? Io sono roba che <b>scotta</b> baby, mica mi puoi agguantare così! E ora devo lavorare, lavorare, produrre, riempire il vuoto! Vattene!	
SecondaGiornata-cucina_giorno_due-b34ddeae	Total è	
SecondaGiornata-cucina_giorno_due-395428ab	1	
SecondaGiornata-cucina_giorno_due-359010b0	2	
SecondaGiornata-cucina_giorno_due-106e83bb	3	
SecondaGiornata-cucina_giorno_due-cad41c3a	done	
SecondaGiornata-cucina_giorno_due-eef725c6	DOGRON: Uh, ma una persona qui ha usato la possibilità di scampare la morte, anche se ha perso! Fortuuuuuuuunata questa persona casuale, sì sì!	
TerzaGiornata-passaggio_lounge_giorno_tre-693c6ac6	DOGRON: Buondì a tuuuuuuuuuuuutte e benvenute alla terza puntata di THE VERY VERY VERY GOOD GOOD DOG SHOW!	
TerzaGiornata-passaggio_lounge_giorno_tre-d57ef6fd	DOGRON: Non sentite un po' la tristezza? Già due persone ci hanno lasciate, e a me non va di farvi andare via, nuuuuuuuuuuuu!	
TerzaGiornata-passaggio_lounge_giorno_tre-87be704c	DOGRON: Ma la Suprema Chihuahua e il Gran Consiglio dei Carlini- no, nella loro saggezza loro sanno che è importante trovare la padroncina perfetta, no, la personcina perfetta per il ristorante su Satuuuuuurno!	
TerzaGiornata-passaggio_lounge_giorno_tre-db6552eb	DOGRON: E di sicuuuuuro questa persona magnifica con delle mani magnifiche che fanno dei bellissimi pat-pat sulla testa, deve sapere fare una ricetta per...	
TerzaGiornata-passaggio_lounge_giorno_tre-f5f9290e	DOGRON: ... quando ti senti triste perché tuuuuuuutti gli uuuumani sono scomparsi!	
TerzaGiornata-passaggio_lounge_giorno_tre-12d48d2a	DOGRON: Come sempre avete qualche minuto per le chiacchiere, e poi si inizia a cuuuucinare!	
TerzaGiornata-passaggio_lounge_giorno_tre-10ac80e5	$	
TerzaGiornata-passaggio_lounge_giorno_tre-deee1def	@BeBe	
TerzaGiornata-passaggio_lounge_giorno_tre-10338ff7	@UgoEMimi	
TerzaGiornata-passaggio_lounge_giorno_tre-f2ef8485	@Piiiietro	
TerzaGiornata-passaggio_lounge_giorno_tre-ba80acbb	@Quello	
TerzaGiornata-passaggio_lounge_giorno_tre-97c665a7	@ilDivo	
TerzaGiornata-passaggio_lounge_giorno_tre-2676a0b2	UgoEMimi: ...	
TerzaGiornata-passaggio_lounge_giorno_tre-b3777ca4	YOU: So che me ne pentirò di dirlo, ma mi sembrate molto silenziose, oggi.	
TerzaGiornata-passaggio_lounge_giorno_tre-60fddf52	UgoEMimi: Ugo ha parlato con uno dei produtti, per il suo videogioco.	
TerzaGiornata-passaggio_lounge_giorno_tre-c5afd410	UgoEMimi: Venditori di cianfrusaglie, sono. Ma lo sapevi che i produttori sono dei carlini?!?!	
TerzaGiornata-passaggio_lounge_giorno_tre-9cd09889	UgoEMimi: E gli è stato detto che il progetto manca di una narrazione coerente, e di una connessione tra gameplay, narrativa ed elementi grafici.	
TerzaGiornata-passaggio_lounge_giorno_tre-05b94d00	UgoEMimi: Mi hanno detto in sostanza che non ha senso! Che è un gioco dove accadono cose senza senso! Ma io gioco <b>i veri videogiochi</b> da sempre! Questi son carlini da walking simulator e visual novel!	
TerzaGiornata-passaggio_lounge_giorno_tre-5073dd1b	YOU: E ora che farete?	
TerzaGiornata-passaggio_lounge_giorno_tre-79c93e18	UgoEMimi: Oh, io cucinerò dei <b>canapé</b> mentre Ugo si riprende dal dolore.	
TerzaGiornata-passaggio_lounge_giorno_tre-d5e9dae0	UgoEMimi: Io non soffro! Gli uomini non soffrono!	
TerzaGiornata-passaggio_lounge_giorno_tre-f96c1054	UgoEMimi: E allora cosa sono, quelle lacrime?	
TerzaGiornata-passaggio_lounge_giorno_tre-7231a215	YOU: Non siete spaventati per quella cosa degli umani scomparsi?	
TerzaGiornata-passaggio_lounge_giorno_tre-404b2eeb	UgoEMimi: Uh, mi spiace per loro, ma non siamo mai andati d'accordo con gli umani. Non dopo il fallimento del Virtual Boy.	
TerzaGiornata-passaggio_lounge_giorno_tre-49466b94	UgoEMimi: Parla per te, Ugo. Personalmente ho sempre amato gli umani, mi veniva una pizzaiola buonissima quando potevo ancora cucinarli.	
TerzaGiornata-passaggio_lounge_giorno_tre-47562000	YOU: Oh, e io che temevo di esser l'unica persona ad aver mangiato carne umana!	
TerzaGiornata-passaggio_lounge_giorno_tre-d8da4de4	YOU: Ho troppe schifezze in corpo perché la mia carne sia gustosa.	
TerzaGiornata-passaggio_lounge_giorno_tre-ca3af482	YOU: Credo sia giunto il momento per me di andare su Urano.	
TerzaGiornata-passaggio_lounge_giorno_tre-9d04ce34	BeBe: Ehi, ciao, ero distratta e non mi sono accorta del tuo arrivo.	
TerzaGiornata-passaggio_lounge_giorno_tre-12aa3a89	YOU: Tutto ok?	
TerzaGiornata-passaggio_lounge_giorno_tre-0397279f	BeBe: Oh sì certo, sono così felice di essere qui!	
TerzaGiornata-passaggio_lounge_giorno_tre-a0368752	YOU: Nel culto dicono: "La distrazione è il dono di Belial".	
TerzaGiornata-passaggio_lounge_giorno_tre-9ee33ae6	BeBe: Belial? Culto?	
TerzaGiornata-passaggio_lounge_giorno_tre-24b8a0ec	YOU: Come mai la zampetta fasciata?	
TerzaGiornata-passaggio_lounge_giorno_tre-4d92e441	BeBe: Uh, un errore durante la pedicure.	
TerzaGiornata-passaggio_lounge_giorno_tre-1093c6b6	BeBe: Piuttosto: sei qui da tre episodi ormai, e non racconti molto di te. Ti va di confidarmi qualcosa, qualcosa che rimarrà tra te e me?	
TerzaGiornata-passaggio_lounge_giorno_tre-9704ca1b	YOU: Quando sogno vedo l'arrivo dell'Apocalisse, e tutti i Cavallieri dell'Apocalisse hanno il volto di Barbara d'Urso.	
TerzaGiornata-passaggio_lounge_giorno_tre-202fd863	BeBe: Credo sia una cosa comune dopo la cacciata da Pomeriggio 5.	
TerzaGiornata-passaggio_lounge_giorno_tre-f7d0cc10	YOU: Sono la seconda persona più importante del fanclub di Gabriella Golia.	
TerzaGiornata-passaggio_lounge_giorno_tre-3ec8168a	BeBe: Chi?	
TerzaGiornata-passaggio_lounge_giorno_tre-0a95434f	YOU: Non so come mai sono qui, temo sia una punizione del culto per quell'errore con Ermenegildo.	
TerzaGiornata-passaggio_lounge_giorno_tre-bc37f9df	BeBe: Sembri una persona molto confusa, sai?	
TerzaGiornata-passaggio_lounge_giorno_tre-a2121ab5	BeBe: Ma, non trovi un po' strano il tema di oggi? In che senso "gli umani sono tutti scomparsi"? E poi cosa sono gli umani?	
TerzaGiornata-passaggio_lounge_giorno_tre-f9090e69	YOU: Ehm, io sono una persona umana?	
TerzaGiornata-passaggio_lounge_giorno_tre-afe8578c	BeBe: Uh, ecco perché quella faccia senza peli, e il fatto che non rumini! Che buffo. E da dove vieni ci sono anche le pecore?	
TerzaGiornata-passaggio_lounge_giorno_tre-09a3f821	YOU: Moltissime, sono tra gli animali più diffusi.	
TerzaGiornata-passaggio_lounge_giorno_tre-56b664eb	BeBe: In che senso, animali? Certo, deve essere un luogo evoluto, con così tante pecore, bene bene!	
TerzaGiornata-passaggio_lounge_giorno_tre-a2cbcc23	YOU: Le alleviamo per mangiarle, fare la lana, farci il latte.	
TerzaGiornata-passaggio_lounge_giorno_tre-4333074f	BeBe: Ah. Mi sa che torno alle mie cose. Ciao.	
TerzaGiornata-passaggio_lounge_giorno_tre-53039141	YOU: Sì, esatto, molto evoluto, ehm.	
TerzaGiornata-passaggio_lounge_giorno_tre-1563884a	YOU: Beh, sono ottimi animali sacrificali per il Culto!	
TerzaGiornata-passaggio_lounge_giorno_tre-4ad82bca	BeBe: In che senso? No, non lo voglio sapere. Non voglio.	
TerzaGiornata-passaggio_lounge_giorno_tre-d7eeb7fb	BeBe: Oggi voglio colpire DOGRON: la scomparsa comporta sofferenza, e la sofferenza si supera col dolore. Per questo cucinerò qualcosa <b>mungendomi</b> e poi <b>cardando</b> la mia stessa lana.	
TerzaGiornata-passaggio_lounge_giorno_tre-d7db23d1	BeBe: Per questo ti saluto ora, e ti auguro il meglio.	
TerzaGiornata-passaggio_lounge_giorno_tre-c5747222	Piiiietro: Eppure ero sicura che fosse un RE minore.	
TerzaGiornata-passaggio_lounge_giorno_tre-62e2e0c0	YOU: Come, scusa?	
TerzaGiornata-passaggio_lounge_giorno_tre-0b9ecb65	YOU: Eri sotto di un semitono.	
TerzaGiornata-passaggio_lounge_giorno_tre-235d0685	YOU: Ok, Carlo fa un po' cacare, però chiamarlo Re minore è crudele!	
TerzaGiornata-passaggio_lounge_giorno_tre-3fe68b46	Piiiietro: Ma che tu entri sembre così, nelle stanze degli altri? Che cosa tamarra!	
TerzaGiornata-passaggio_lounge_giorno_tre-7aca2788	YOU: A dire il vero questa è la lounge, ed è comune. Ma perché tu hai una stanza tua?	
TerzaGiornata-passaggio_lounge_giorno_tre-c0928f9a	Piiiietro: Certo, sennò dove lo piazzavo il lettino UV e il sistema di casse?	
TerzaGiornata-passaggio_lounge_giorno_tre-2785c0dc	YOU: Ti prego ti prego dammi qualcosa che sembri del sole per un'ora!	
TerzaGiornata-passaggio_lounge_giorno_tre-5021c149	Piiiietro: E se poi mi attacchi un eritema solare?!?	
TerzaGiornata-passaggio_lounge_giorno_tre-0f25b241	YOU: Sistema di casse? Quindi eri tu a cantare prima?	
TerzaGiornata-passaggio_lounge_giorno_tre-1b30f7cd	Piiiietro: NO.	
TerzaGiornata-passaggio_lounge_giorno_tre-afbf625f	YOU: Ma io non ho una stanza, dormo tra le travi sopra la cucina.	
TerzaGiornata-passaggio_lounge_giorno_tre-f8f90937	Piiiietro: E qui si vede chi ha un agente e chi no, mi dispiace!	
TerzaGiornata-passaggio_lounge_giorno_tre-19753f16	Piiiietro: Forse comunque ci fanno fare un karaoke. Piccolo, stasera, dopo la prova. Sembra che la mia pasta con <b>tonno in scatola</b> e pure <b>scolata/b> male sia un successone. La ripropongo anche stasera!	
TerzaGiornata-passaggio_lounge_giorno_tre-172200e5	YOU: Ma a te il tema non preoccupa, per caso?	
TerzaGiornata-passaggio_lounge_giorno_tre-1fd1d280	Piiiietro: E perché dovrebbe?	
TerzaGiornata-passaggio_lounge_giorno_tre-6f9a30c0	YOU: Insomma, vedi altre persone umane?	
TerzaGiornata-passaggio_lounge_giorno_tre-5278d439	Piiiietro: Ehi dolcezza, parla per te! Sono un genio della matematica, un'entità astratta, la definizione stessa della sezione aurea. E vesto leopardato. Col cazzo che sono un'umana!	
TerzaGiornata-passaggio_lounge_giorno_tre-858b7252	Piiiietro: E ora vattene da camera mia, che devo creare un po' di drama tra BeBe e Dogron.	
TerzaGiornata-passaggio_lounge_giorno_tre-f22363f6	Quello: Che tema del cazzo.	
TerzaGiornata-passaggio_lounge_giorno_tre-4947bea1	YOU: Va tutto bene?	
TerzaGiornata-passaggio_lounge_giorno_tre-2a8b5e6e	Quello: Sì, sì, credo.	
TerzaGiornata-passaggio_lounge_giorno_tre-a1e740cc	YOU: Sembri arrabbiato.	
TerzaGiornata-passaggio_lounge_giorno_tre-aeee7ab3	Quello: No, che dici? La rabbia è VIETATA dal contratto lavorativo.	
TerzaGiornata-passaggio_lounge_giorno_tre-77340f2a	YOU: Questa cosa del "tutti gli umani sono scomparsi" è inquietante, non trovi?	
TerzaGiornata-passaggio_lounge_giorno_tre-94a799ad	Quello: Si sopravvive, sai?	
TerzaGiornata-passaggio_lounge_giorno_tre-f8b3db5e	Quello: Oh, scusa se sono amaro.	
TerzaGiornata-passaggio_lounge_giorno_tre-091763f7	Quello: Fa un po' strano però pensare a un tema come questo, quando tuo padre ha fatto, ha fatto delle cose orribili.	
TerzaGiornata-passaggio_lounge_giorno_tre-d8ffb817	YOU: In che senso?	
TerzaGiornata-passaggio_lounge_giorno_tre-aab0d493	YOU: Sai, anche il mio, quando è diventato uno degli Eoni...	
TerzaGiornata-passaggio_lounge_giorno_tre-9c4cf93f	YOU: Tutte noi facciamo degli errori, non trovi?	
TerzaGiornata-passaggio_lounge_giorno_tre-5cefa2c3	Quello: il Divo dice sempre che il lavoro risolve ogni problema però, ogni paura. Quindi mi metterò a cucinare. Pensavo che la scomparsa è una cosa amara, e potrei fare una treccia che è un <b>raccontare</b> la storia degli altri aspirapolvere come me.	
TerzaGiornata-passaggio_lounge_giorno_tre-59e13e99	Quello: Farla dolce ma riempirla di pezzettini di <b>Chinotto di Savona</b> che esaltino l'amaro di certe esperienze.	
TerzaGiornata-passaggio_lounge_giorno_tre-081a25f9	Quello: Un po' come quando tuo padre stermina un'intera popolazione con la sua invenzione.	
TerzaGiornata-passaggio_lounge_giorno_tre-99ae0452	YOU: O tuo padre aggiunge una dimensione spazio temporale al tuo pianeta perché ha litigato con l'altro tuo padre.	
TerzaGiornata-passaggio_lounge_giorno_tre-3fcea583	Quello: Esatto. Tu sì che mi capisci. Vado a pulire gli ingredienti del Divo e poi comincio la mia ricetta. Grazie per la comprensione!	
TerzaGiornata-passaggio_lounge_giorno_tre-a6ee462d	ilDivo: Trovami Quello, subito!	
TerzaGiornata-passaggio_lounge_giorno_tre-6e64db38	YOU: Quello chi?	
TerzaGiornata-passaggio_lounge_giorno_tre-175817e7	YOU: Starà pulendo qualcosa di tuo?	
TerzaGiornata-passaggio_lounge_giorno_tre-5ea20783	YOU: Hai capito che non lavoro per te, vero?	
TerzaGiornata-passaggio_lounge_giorno_tre-b4519790	ilDivo: Aveva sempre ragione mamma, alla fine le cose le devi fare da solo.	
TerzaGiornata-passaggio_lounge_giorno_tre-6fc19d5f	ilDivo: Che incubo poi che questa vostra lingua c'ha solo due generi da definire.	
TerzaGiornata-passaggio_lounge_giorno_tre-3efbad00	ilDivo: Non mi pagano abbastanza per tutto questo!	
TerzaGiornata-passaggio_lounge_giorno_tre-009f059d	YOU: In che senso, due generi?	
TerzaGiornata-passaggio_lounge_giorno_tre-f6321dfd	YOU: In che senso, da solo?	
TerzaGiornata-passaggio_lounge_giorno_tre-d3a0d5dc	YOU: In che senso, TI PAGANO?!?!	
TerzaGiornata-passaggio_lounge_giorno_tre-3ea641ce	ilDivo: Te lo starai chiedendo da sempre, e sì, essere ricco e famoso è dannatamente difficile. Pensa che tipo, come lo capisco se una persona mi ama?	
TerzaGiornata-passaggio_lounge_giorno_tre-8284cd79	YOU: Ma sei qui per il concorso di cucina, o per trovare l'amore?	
TerzaGiornata-passaggio_lounge_giorno_tre-6d49e2a0	ilDivo: Io? Un concorso di cucina? Ma per chi mi hai preso?!?	
TerzaGiornata-passaggio_lounge_giorno_tre-28cefa55	ilDivo: Xi Jinping ha pagato 7.759.312.650,00 di Yuan per un <b>selfie</b> con me!	
TerzaGiornata-passaggio_lounge_giorno_tre-e522018e	ilDivo: Ho imparato a ricevere <b>interviste</b> prima ancora di camminare!	
TerzaGiornata-passaggio_lounge_giorno_tre-20994c65	ilDivo: Un concorso di cucina, tsè. Ci pensa Quello a cucinare per entrambi, che ti credi?	
TerzaGiornata-passaggio_lounge_giorno_tre-38acfed7	YOU: Ooooooook, è il caso che levi le tende.	
TerzaGiornata-cucina_giorno_tre-b34ddeae	Total è	
TerzaGiornata-cucina_giorno_tre-395428ab	1	
TerzaGiornata-cucina_giorno_tre-359010b0	2	
TerzaGiornata-cucina_giorno_tre-106e83bb	3	
TerzaGiornata-cucina_giorno_tre-cad41c3a	done	
TerzaGiornata-cucina_giorno_tre-92ac409d	DOGRON: Uh, ma una persona quuuuuuuuuui ha usato la possibilità di scampare la morte, anche se ha perso! Fortunata questa persona casuale, sì sì!	
QuartaGiornata-passaggio_lounge_giorno_quattro-a5498c10	DOGRON: Coda, vieni qua! Coda, coda! Fermati! Cattiva coda, cattiva!	
QuartaGiornata-passaggio_lounge_giorno_quattro-de7d56bb	DOGRON: Ah, siamo in onda?	
QuartaGiornata-passaggio_lounge_giorno_quattro-aa87d432	DOGRON: Benvenute alla quarta e penuuuuuultima puntata di THE VERYSSIMAMENTE GOOD DOGGO BUONO BUONO DOGGO BUONO! E SHOW! Qui è il vostro conduttore preferito, vero che sono il vostro conduttore preferito?	
QuartaGiornata-passaggio_lounge_giorno_quattro-14aa0426	DOGRON: Chi è il conduuuuttore più bravo al mondo? Chi è?	
QuartaGiornata-passaggio_lounge_giorno_quattro-435461a8	DOGRON: Il tema di oggi ci riguarda tutte. Quel tema che ti viene in mente quando la tua tazza preferita si rompe, o le crocchette sono nuuuuuove e hanno un sapore inaspettato o il postino ha una divisa pulita.	
QuartaGiornata-passaggio_lounge_giorno_quattro-e1ea83b9	DOGRON: O quando prendono un cuuuuuucciolo e ti dicono che tutto rimarrà come prima ma non è vero, quel cucciolo inizia a camminare, ad andare a stuuudiare e tu ti ci sei affezionato e luuuuuuuuui si dimentica di te.	
QuartaGiornata-passaggio_lounge_giorno_quattro-bd8a7dae	DOGRON: Il tema di oggi è il cambiamento, qualcosa per accettare il cambiamento.	
QuartaGiornata-passaggio_lounge_giorno_quattro-b0d33b61	DOGRON: Un'altra grande idea della Suprema Chihuahua e del Consiglio dei Carlini.	
QuartaGiornata-passaggio_lounge_giorno_quattro-c81e4486	DOGRON: Potete chiacchierare un attimo tra voi, e poi iniziamo a cucinare.	
QuartaGiornata-passaggio_lounge_giorno_quattro-bb1effb9	DOGRON: Vieni qui, coda!	
QuartaGiornata-passaggio_lounge_giorno_quattro-10ac80e5	$	
QuartaGiornata-passaggio_lounge_giorno_quattro-deee1def	@BeBe	
QuartaGiornata-passaggio_lounge_giorno_quattro-10338ff7	@UgoEMimi	
QuartaGiornata-passaggio_lounge_giorno_quattro-f2ef8485	@Piiiietro	
QuartaGiornata-passaggio_lounge_giorno_quattro-ba80acbb	@Quello	
QuartaGiornata-passaggio_lounge_giorno_quattro-97c665a7	@ilDivo	
QuartaGiornata-passaggio_lounge_giorno_quattro-7ad668d9	UgoEMimi: Ma ciao, splendore!	
QuartaGiornata-passaggio_lounge_giorno_quattro-5dee2ccf	YOU: Signora Mimi, noto qualcosa di diverso!	
QuartaGiornata-passaggio_lounge_giorno_quattro-76e401cd	UgoEMimi: Uh, sarà il taglio di capelli. Mi sono ispirata a Venusia di <b>Mazinga</b>. Uh, sai che avevo una cotta per Tetsuya?	
QuartaGiornata-passaggio_lounge_giorno_quattro-c6bdc12b	YOU: Aveva il suo perché con quel ciuffo.	
QuartaGiornata-passaggio_lounge_giorno_quattro-74639a47	YOU: Ma il signor Ugo?	
QuartaGiornata-passaggio_lounge_giorno_quattro-93c567a6	YOU: No, intendevo il fatto che le manchi una testa, tipo.	
QuartaGiornata-passaggio_lounge_giorno_quattro-009c7c9c	UgoEMimi: Oggi mi sento così leggera, sai? Non mi capitava da tempo. Prima mi son messa a saldare un po' di prese elettriche, e ho aiutato il cameraman con un problema ai suoi circuiti androidici.	
QuartaGiornata-passaggio_lounge_giorno_quattro-5a58c64e	UgoEMimi: E per celebrare il cambiamento, come richiesto da Dogron e i suoi amici cani, credo farò una insalata russa con le <b>orecchie di Ugo</b>.	
QuartaGiornata-passaggio_lounge_giorno_quattro-fc29efba	YOU: Ricordo quelle di Eustacchio, coi funghi furono una bomba.	
QuartaGiornata-passaggio_lounge_giorno_quattro-d39daf7d	YOU: Forse conviene sentir prima che ne pensa la giuria?	
QuartaGiornata-passaggio_lounge_giorno_quattro-93082e0c	YOU: Il signor Ugo ne sentirà la mancanza?	
QuartaGiornata-passaggio_lounge_giorno_quattro-0ab607fe	UgoEMimi: Ma ora vado, tesorino, che ho un appuntamento con un certo androide. A dopo!	
QuartaGiornata-passaggio_lounge_giorno_quattro-70e0d8a1	BeBe: Accettare, certo. Ha ragione.	
QuartaGiornata-passaggio_lounge_giorno_quattro-15089966	YOU: Tutto bene, Bebe?	
QuartaGiornata-passaggio_lounge_giorno_quattro-cd0924aa	BeBe: Sì sì sì, sono solo di fretta. Il cambiamento, è importante accogliere il cambiamento. Cambiare, per le mie otto, no, sette figlie. Sette.	
QuartaGiornata-passaggio_lounge_giorno_quattro-f24aade5	YOU: Come mai citi sempre le tue figlie?	
QuartaGiornata-passaggio_lounge_giorno_quattro-7d823e46	BeBe: Perché il dovere di ogni madre è proteggerle. E se fallisce, vendicarsi. Portare il cambiamento.	
QuartaGiornata-passaggio_lounge_giorno_quattro-4555cce6	YOU: Mi devo preocuppare?	
QuartaGiornata-passaggio_lounge_giorno_quattro-291cadba	BeBe: No, tu no. Ma oggi porterò una ricetta davvero speciale, sai? Il cambiamento richiede un rischio, e per questo userò della cicuta. Un poco di <b>veleno</b>, scommettendo su quanto possa essere fatale. E il <b>collare</b> dell'assassino.	
QuartaGiornata-passaggio_lounge_giorno_quattro-8fe14c1c	YOU: Ehm, credo di aver lasciato il gatto nel forno.	
QuartaGiornata-passaggio_lounge_giorno_quattro-4562111d	YOU: Forse l'aria del pianeta ti sta facendo male?	
QuartaGiornata-passaggio_lounge_giorno_quattro-ded96fff	YOU: Ma stai sgocciolando latte?	
QuartaGiornata-passaggio_lounge_giorno_quattro-a768b5a1	BeBe: Accettare. Bisogna accettarlo tutto. A dopo, ciao.	
QuartaGiornata-passaggio_lounge_giorno_quattro-f151d46b	Piiiietro: Alla fine, se ne è andato.	
QuartaGiornata-passaggio_lounge_giorno_quattro-957cda80	YOU: Chi?	
QuartaGiornata-passaggio_lounge_giorno_quattro-30a8f553	Piiiietro: Bruiser. Mi ha lasciato una lettera, dicendomi che ha trovato una Chihuahua Suprema, e che vivrà con lei. Che ha mandato un gatto di servizio e recuperare le sue ciotole leopardate e la cuccia di raso e diamanti, e mi invita a non cercarlo.	
QuartaGiornata-passaggio_lounge_giorno_quattro-eda708e8	Piiiietro: Mi ringrazia per questi anni passati assieme, ma crede sia arrivato per lui il momento di stare con qualcuno che non si nasconde agli altri. Che non finga di essere infinito, dice.	
QuartaGiornata-passaggio_lounge_giorno_quattro-47f8b980	YOU: Che intende?	
QuartaGiornata-passaggio_lounge_giorno_quattro-8548efb1	YOU: Mi dispiace, credo?	
QuartaGiornata-passaggio_lounge_giorno_quattro-3fd311d6	YOU: Bruiser sa scrivere?!?	
QuartaGiornata-passaggio_lounge_giorno_quattro-3565063d	Piiiietro: Ha ragione, sai? Tu, tu ti mostri per come sei, al mondo?	
QuartaGiornata-passaggio_lounge_giorno_quattro-cad73548	YOU: Insomma, se le persone vedessero le doti che ho preso dal mio padre antico, verrebbero rese cieche dalla follia.	
QuartaGiornata-passaggio_lounge_giorno_quattro-e5a87ad5	YOU: Nel Culto ho imparato a nascondere chi sono, così da poter ottenere tutto.	
QuartaGiornata-passaggio_lounge_giorno_quattro-1656532c	YOU: Una volta ci ho provato. Molto alcool, polizia, qualche giorno in cella per atti osceni in luogo pubblico. Povera pecora.	
QuartaGiornata-passaggio_lounge_giorno_quattro-d3d54f8d	Piiiietro: Cavolo, hai avuto una vita interessante!	
QuartaGiornata-passaggio_lounge_giorno_quattro-84d91679	Piiiietro: La mia... Bruiser forse ha ragione, sai? Non mi vivo davvero. Devo, devo dire delle cose ad alta voce. Ma mi fa così paura farlo, cazzo.	
QuartaGiornata-passaggio_lounge_giorno_quattro-4480e545	YOU: Siamo state rapite, siamo su un pianeta grosso come un negozio Ikea, non sapremo cosa sarà di noi domani. Se non le dici oggi, quando?	
QuartaGiornata-passaggio_lounge_giorno_quattro-db016532	Piiiietro: Ma è difficile!	
QuartaGiornata-passaggio_lounge_giorno_quattro-08b60e58	YOU: Avrei un impegno...	
QuartaGiornata-passaggio_lounge_giorno_quattro-702caf2b	Piiiietro: Due minuti!	
QuartaGiornata-passaggio_lounge_giorno_quattro-6f00666a	YOU: BeBe mi sembra una portata all'ascolto, sai?	
QuartaGiornata-passaggio_lounge_giorno_quattro-4e362ced	Piiiietro: Quando deve dire il mio nome però si incarta.	
QuartaGiornata-passaggio_lounge_giorno_quattro-336efb94	Piiiietro: Stasera accoglierò anche io il cambiamento, sai? Come Bruiser. Basta con pasta al tonno in scatola. Farò della pasta con <b>tonno in scatola al naturale</b>! E lo presenterò <b>cantando</b>.	
QuartaGiornata-passaggio_lounge_giorno_quattro-ca997b93	Piiiietro: Uh, l'ho detto. Devo correre ora, a dopo!	
QuartaGiornata-passaggio_lounge_giorno_quattro-e8c1e1db	Quello: Fatti dare un abbraccio!	
QuartaGiornata-passaggio_lounge_giorno_quattro-88ea6e90	YOU: Ti trovo benissimo, Quello!	
QuartaGiornata-passaggio_lounge_giorno_quattro-f60f6090	YOU: Mmm, prima levati la polvere.	
QuartaGiornata-passaggio_lounge_giorno_quattro-832610f1	YOU: Ehm, dove metto la mano destra?	
QuartaGiornata-passaggio_lounge_giorno_quattro-e742a787	Quello: Non me l'aspettavo, ma questo percorso sta diventando un vero viaggio, sai? Un viaggio verso il <b>perdonare</b> anche chi ti ha ferito.	
QuartaGiornata-passaggio_lounge_giorno_quattro-37a4731e	Quello: Come il perdonare mio padre. Non ha inventato i roomba contro di me, contro di noi.	
QuartaGiornata-passaggio_lounge_giorno_quattro-ddfadadc	Quello: Sono state le persone, pigre, a liberarsi di noi aspirapolveri a favore di quei, quelli che sono forse miei fratelli, non trovi?	
QuartaGiornata-passaggio_lounge_giorno_quattro-0afae940	YOU: Sento solo una grande confusione in testa, ora.	
QuartaGiornata-passaggio_lounge_giorno_quattro-546a1643	YOU: Ma quindi non è il Divo tuo padre?	
QuartaGiornata-passaggio_lounge_giorno_quattro-8429d722	YOU: Non ho mai pulito casa mia, non so di cosa tu stia parlando.	
QuartaGiornata-passaggio_lounge_giorno_quattro-da76994c	Quello: E poi bisogna <b>evolversi</b>. Credo, ho, è sciocco, sai?	
QuartaGiornata-passaggio_lounge_giorno_quattro-cf5c3f3f	YOU: Quello, credo sia sciocca tutta questa situazione, se non ridicola.	
QuartaGiornata-passaggio_lounge_giorno_quattro-3140f7c7	YOU: "Sciocco" è uccidere per sbaglio Ermenegildo, e poi dimenticarsene, e portarlo a Gardaland e parlarci tutto il giorno e pagare pure il biglietto!	
QuartaGiornata-passaggio_lounge_giorno_quattro-03e3604b	YOU: Il mio cervello mi sta colando dalle orecchie ormai.	
QuartaGiornata-passaggio_lounge_giorno_quattro-7b01c629	Quello: Non riuscivo a perdonare mio padre, e così ne ho cercato un altro. Ho riposto le mie energie, la mia fiducia nel Divo. Un altro uomo arrogante.	
QuartaGiornata-passaggio_lounge_giorno_quattro-7f1b8d96	Quello: Ma io sono una persona valida in me, non trovi? Anche se ci hanno gettato tutti nei cassonetti. Anche se mio padre ha creato qualcosa per sostituirci tutti. Anche se il Divo non mi darà mai la sua approvazione.	
QuartaGiornata-passaggio_lounge_giorno_quattro-9c0c0e47	Quello: IO sono quello che deve approvarsi, e basta.	
QuartaGiornata-passaggio_lounge_giorno_quattro-13cbd0d2	YOU: Profondo, fratello!	
QuartaGiornata-passaggio_lounge_giorno_quattro-dd043992	YOU: Nel Culto questo è pensiero sovversivo, sai?	
QuartaGiornata-passaggio_lounge_giorno_quattro-c7288cda	YOU: E me, chi mi approva? Tu? Dogron? Chi?!?!?	
QuartaGiornata-passaggio_lounge_giorno_quattro-d842b1f0	Quello: Ora vado dal Divo, e gli dico che mi licenzio. E poi, vincerò questo programma!	
QuartaGiornata-passaggio_lounge_giorno_quattro-c1989337	ilDivo: Uh, la persona concorrente che preferisco! Come stai?	
QuartaGiornata-passaggio_lounge_giorno_quattro-67dc67a7	YOU: Mi ritrovo qui senza capire come. Sto andando avanti e non capisco in cosa. Come dovrei stare?!?	
QuartaGiornata-passaggio_lounge_giorno_quattro-da33e8ba	YOU: Credo di aver appena visto un cetriolo fare una dichiarazione d'amore a un cameraman morto.	
QuartaGiornata-passaggio_lounge_giorno_quattro-45fc1bd3	YOU: Non l'avrei mai detto, ma mi manca il Culto. I riti, i morti, il sangue, le fughe dagli esorcisti.	
QuartaGiornata-passaggio_lounge_giorno_quattro-ed7aba1c	ilDivo: Sicuramente hai una vita favolosa, vero?	
QuartaGiornata-passaggio_lounge_giorno_quattro-422056c6	ilDivo: Ma mai quanto la mia!	
QuartaGiornata-passaggio_lounge_giorno_quattro-97d8bba3	YOU: Te pareva.	
QuartaGiornata-passaggio_lounge_giorno_quattro-b03056d4	ilDivo: Ho trovato il vero amore. Qui, su questo minuscolo pianeta, ho capito tutto. Mi son fermato un attimo, un tiro di bamba e un momento di <b>hashtag selfcare</b> ed eccolo lì, il vero amore della mia vita!	
QuartaGiornata-passaggio_lounge_giorno_quattro-6a3425db	YOU: Bruiser?	
QuartaGiornata-passaggio_lounge_giorno_quattro-d35eced5	YOU: Ermenegildo?	
QuartaGiornata-passaggio_lounge_giorno_quattro-403054fd	YOU: La Chihuahua Suprema?	
QuartaGiornata-passaggio_lounge_giorno_quattro-509bd738	ilDivo: <b>Io, me stesso,me medesimo</b>. C'è un unico grande amore in questa vita, e posso solo essere io. Solo!	
QuartaGiornata-passaggio_lounge_giorno_quattro-e13dceb9	ilDivo: Vuoi celebrare il mio matrimonio con me stesso?	
QuartaGiornata-passaggio_lounge_giorno_quattro-8d4c123c	YOU: Mi dispiace ma devo farmi cavare le orecchie prima di continuare questo spettacolo.	
QuartaGiornata-passaggio_lounge_giorno_quattro-2290c5d6	YOU: Non posso, devo farmi cascare un riflettore in testa e sperare di morire.	
QuartaGiornata-passaggio_lounge_giorno_quattro-a288b43a	YOU: Certo, dopo aver fatto il bagno col mio amato tostapane.	
QuartaGiornata-passaggio_lounge_giorno_quattro-38e6f94d	ilDivo: Quanto mi sento amato!	
QuartaGiornata-cucina_giorno_quattro-b34ddeae	Total è	
QuartaGiornata-cucina_giorno_quattro-395428ab	1	
QuartaGiornata-cucina_giorno_quattro-359010b0	2	
QuartaGiornata-cucina_giorno_quattro-106e83bb	3	
QuartaGiornata-cucina_giorno_quattro-cad41c3a	done	
QuartaGiornata-cucina_giorno_quattro-d806d4b2	DOGRON: Uh, ma una persona qui ha usato la possibilità di scampare la morte, anche se ha perso! Fortunata questa persona casuuuuuuuale, sì sì!	
QuintaGiornata-passaggio_lounge_giorno_cinque-e80d4f47	DOGRON: No no no amiche, non sono lacrime quelle che vedete, è solo allergia al fatto che è l'uuuultima puntata.	
QuintaGiornata-passaggio_lounge_giorno_cinque-65683613	DOGRON: Sob.	
QuintaGiornata-passaggio_lounge_giorno_cinque-b1f8c853	DOGRON: L'ultima puntata di THE VERYSSIMAMENTE GOOD DOGGO BUONO BUONO DOGRON BUONO, QUALCUNO DICA A DOGRON CHE è BUUUUUUUUUUONO SHOWWWWW e si merita un pat-pat. U-u-u-u-uuuno!	
QuintaGiornata-passaggio_lounge_giorno_cinque-96e95f7e	DOGRON: Vi ricordo, finaliste, che in palio c'è la possibilità di avere un proprio mega ristorante su Nettuuuuuuuuuuuuuuuuuuuno, casualmente vicinissimo alla mia casetta senza uuuumani, e a quella del Grande Consiglio dei Carlini e della Suprema Chihuahua.	
QuintaGiornata-passaggio_lounge_giorno_cinque-07db92b3	DOGRON: Noi brave dogghe, si si.	
QuintaGiornata-passaggio_lounge_giorno_cinque-c33364a6	DOGRON: E per questo il tema di oggi, l'ultimo grande tema è:	
QuintaGiornata-passaggio_lounge_giorno_cinque-52ba9f4d	DOGRON: Un piatto che gridi al mondo che sei la migliore genitora per dogghe al mondo!	
QuintaGiornata-passaggio_lounge_giorno_cinque-072cb09b	DOGRON: Scaldate i motori, e che vinca la miglior dog queen!	
QuintaGiornata-passaggio_lounge_giorno_cinque-10ac80e5	$	
QuintaGiornata-passaggio_lounge_giorno_cinque-deee1def	@BeBe	
QuintaGiornata-passaggio_lounge_giorno_cinque-10338ff7	@UgoEMimi	
QuintaGiornata-passaggio_lounge_giorno_cinque-f2ef8485	@Piiiietro	
QuintaGiornata-passaggio_lounge_giorno_cinque-ba80acbb	@Quello	
QuintaGiornata-passaggio_lounge_giorno_cinque-97c665a7	@ilDivo	
QuintaGiornata-passaggio_lounge_giorno_cinque-f7eb31a1	UgoEMimi: Quindi: "Accabadora", "Stai zitta!", "God Save the Queer"...	
QuintaGiornata-passaggio_lounge_giorno_cinque-57337a94	YOU: Sta pregando, signora Mimi?	
QuintaGiornata-passaggio_lounge_giorno_cinque-be9f7e0d	UgoEMimi: Ah ah no tesoro, no. Stavo controllando la lista di libri che mi aveva consigliato BeBe a inizio programma, tutti titoli di <b>Michela Murgia</b>.	
QuintaGiornata-passaggio_lounge_giorno_cinque-2d7e4c79	UgoEMimi: Davvero in gamba quella Bebe, così indipendente. L'avessi conosciuta anni fa, avrei capito prima cosa significa <b>emanciparsi</b>.	
QuintaGiornata-passaggio_lounge_giorno_cinque-545aae8b	UgoEMimi: Anche se lo <b>sventramento</b> di Ugo non mi è dispiaciuto.	
QuintaGiornata-passaggio_lounge_giorno_cinque-3a9839c6	YOU: Quindi l'ha davvero ucciso?	
QuintaGiornata-passaggio_lounge_giorno_cinque-0c55e6e0	UgoEMimi: Per Ugo, eravamo alla morte celebrale già da decenni, tesorino.	
QuintaGiornata-passaggio_lounge_giorno_cinque-0f320e88	YOU: Quindi l'abbiamo mangiato ieri?	
QuintaGiornata-passaggio_lounge_giorno_cinque-3d2e55b4	UgoEMimi: Poco poco, spero non vi sia stato indigesto.	
QuintaGiornata-passaggio_lounge_giorno_cinque-d5323e95	YOU: Quindi potrebbe darmi due dritte se avessi un problema simile?	
QuintaGiornata-passaggio_lounge_giorno_cinque-120a2828	UgoEMimi: Non sarebbe mai esattamente lo stesso problema, visto che non vedo una seconda testa attaccata al tuo collo, ma la carne è pur sempre carne, no?	
QuintaGiornata-passaggio_lounge_giorno_cinque-c5ce9896	UgoEMimi: Fa strano che questo percorso stia finendo, sai? Quante cose sono cambiate!	
QuintaGiornata-passaggio_lounge_giorno_cinque-9f47fe2b	YOU: Ora aprirà il suo negozio di elettricista?	
QuintaGiornata-passaggio_lounge_giorno_cinque-77343054	UgoEMimi: Ancora non lo so. Credo di volermi prendere un anno sabbatico. Soldi, sesso, viaggi. Reiniziare la vita a 96 anni può essere un'esperienza esaltante.	
QuintaGiornata-passaggio_lounge_giorno_cinque-527648db	UgoEMimi: Ma prima devo batterti in quest'ultima giornata. A dopo tesoro!	
QuintaGiornata-passaggio_lounge_giorno_cinque-e062a28e	BeBe: Questa sì che è pace.	
QuintaGiornata-passaggio_lounge_giorno_cinque-658bae87	YOU: Che hai fatto al tuo pelo?	
QuintaGiornata-passaggio_lounge_giorno_cinque-3f1c07a8	BeBe: Un tributo, un grande tributo.	
QuintaGiornata-passaggio_lounge_giorno_cinque-8ccb9093	YOU: Cosa c'è sulle tue zampe?	
QuintaGiornata-passaggio_lounge_giorno_cinque-cf6d0763	BeBe: Ciò che avrebbe dovuto esserci da sempre.	
QuintaGiornata-passaggio_lounge_giorno_cinque-297ea4c7	YOU: Perché hai quest'aria da dominatrix?	
QuintaGiornata-passaggio_lounge_giorno_cinque-c210ae37	BeBe: Allora inchinati a me, e prega.	
QuintaGiornata-passaggio_lounge_giorno_cinque-07086286	BeBe: Ho capito tutto, sai? Perché sono qui.	
QuintaGiornata-passaggio_lounge_giorno_cinque-395a38d7	BeBe: Cioè, sapevo perché ero qui, ma non pensavo sarebbe stato necessario tutto questo. Tutto.	
QuintaGiornata-passaggio_lounge_giorno_cinque-c0c9ee7e	BeBe: Tutti questi sacrifici.	
QuintaGiornata-passaggio_lounge_giorno_cinque-96c9d4d8	YOU: Nel Culto anche noi facciamo un sacco di sacrifici. Poi è una palla pulire però.	
QuintaGiornata-passaggio_lounge_giorno_cinque-27cbbcf4	YOU: Non ti sto seguendo. Perché sei rasata? Perché le zampe son piene di sangue? Perché mi sento su di giri?!?	
QuintaGiornata-passaggio_lounge_giorno_cinque-ccbeb4e5	YOU: Forse è il caso che me ne vada.	
QuintaGiornata-passaggio_lounge_giorno_cinque-1a0fb28c	BeBe: Oggi è l'ultimo giorno. Come ti senti?	
QuintaGiornata-passaggio_lounge_giorno_cinque-862b1fde	YOU: Non pensavo ce l'avrei fatta.	
QuintaGiornata-passaggio_lounge_giorno_cinque-7ed76a86	YOU: Vincerò quest'ultima sfida, garantito al limone!	
QuintaGiornata-passaggio_lounge_giorno_cinque-2f89bdd0	YOU: Spero che Micia non abbia evocato di nuovo Pazuzo in mia assenza.	
QuintaGiornata-passaggio_lounge_giorno_cinque-07edde38	BeBe: Comunque vada, son felice di questo incontro, di questo percorso con te. Oggi porterò qualcosa di inaspettato, a DOGRON. Qualcosa che lo lascerà tremolante, terrorizzato.	
QuintaGiornata-passaggio_lounge_giorno_cinque-258728d4	YOU: Tipo?	
QuintaGiornata-passaggio_lounge_giorno_cinque-554217b1	BeBe: Tre doni, come i Re Magici. Come le Destiny's Child. Una storia, in fondo. Una pasta al forno, ma la pasta sarà <b>Peanutbutter</b>, il sugo il <b>giocattolo preferito</b> di DOGRON, e il forno, il <b>sacrificio</b>. Il suo.	
QuintaGiornata-passaggio_lounge_giorno_cinque-38e7ef89	BeBe: Nella, ti vendicherò finalmente!	
QuintaGiornata-passaggio_lounge_giorno_cinque-ec333982	YOU: Vuoi uccidere DOGRON?	
QuintaGiornata-passaggio_lounge_giorno_cinque-131742c8	YOU: Perché non l'hai fatto prima?	
QuintaGiornata-passaggio_lounge_giorno_cinque-49d520d2	YOU: Nella?	
QuintaGiornata-passaggio_lounge_giorno_cinque-9779c17c	BeBe: Mi libererò di lui. Mi servivano le prove. Mi serviva sapere che è stato lui a trasformare Nella, la mia dolce Nella, in una busta di arrosticini.	
QuintaGiornata-passaggio_lounge_giorno_cinque-ae93a6c1	BeBe: Il tempo del perdono è finito. Ora è giusto il momento di Beberminator!	
QuintaGiornata-passaggio_lounge_giorno_cinque-f44066ef	BeBe: Ci vediamo dall'altra parte!	
QuintaGiornata-passaggio_lounge_giorno_cinque-c8171ef6	YOU: Dove sono? Dove cazzo sono?!?!?	
QuintaGiornata-passaggio_lounge_giorno_cinque-511b5257	Piiiietro: Ehi, ti stavo cercando. Volevo ringraziarti, sai?	
QuintaGiornata-passaggio_lounge_giorno_cinque-55b69839	YOU: Uh, davvero?	
QuintaGiornata-passaggio_lounge_giorno_cinque-7eb94600	Piiiietro: Sì. Vedere qualcuno fallire così grandiosamente tutto e nemmeno rendersene conto, è stato liberatorio. Cioè: se una persona può vivere comunque immersa in così tanta mediocrità, posso pure rinunciare all'<b>idea del successo</b> e prendermi qualche rischio.	
QuintaGiornata-passaggio_lounge_giorno_cinque-4ab59a26	YOU: Grazie, credo?	
QuintaGiornata-passaggio_lounge_giorno_cinque-8666f5cb	YOU: Senti, perché non vai un po' a fanculo?	
QuintaGiornata-passaggio_lounge_giorno_cinque-b0871b42	YOU: Ehi, io ce la sto mettendo tutta!!!	
QuintaGiornata-passaggio_lounge_giorno_cinque-bfd150d7	Piiiietro: Poi, insomma. Quanta gente può dire di avere una canzone dedicata da <b>Kate Bush</b>?	
QuintaGiornata-passaggio_lounge_giorno_cinque-6e1dac71	Piiiietro: Anche se sono sempre stata una da Gigi D'Agostino e Gabry Ponte.	
QuintaGiornata-passaggio_lounge_giorno_cinque-4ff42a42	YOU: Faccio ancora parte di questa conversazione, o è un monologo?	
QuintaGiornata-passaggio_lounge_giorno_cinque-3bd4b55f	YOU: Che gusti da truzza!	
QuintaGiornata-passaggio_lounge_giorno_cinque-fd8ed2ad	YOU: "Che ne sanno i 2000" batte "Bocca di Rosa" 10 a 1.	
QuintaGiornata-passaggio_lounge_giorno_cinque-964a93fe	Piiiietro: Anche per questo volevo fossi tu la prima persona a saperlo: lascio la matematica.	
QuintaGiornata-passaggio_lounge_giorno_cinque-23d77fcd	Piiiietro: E tu dirai: Piiiietro ma sei una pi greco, che senso ha, che altro puoi fare?	
QuintaGiornata-passaggio_lounge_giorno_cinque-f1824281	Piiiietro: E io ti direi: non calpestare i miei sogni! Perché sono nata per cantare, per andare in giro con la mia <b>cassa portatile</b>, il mio album degli Eiffel 65 e cantare in giro per il mondo!	
QuintaGiornata-passaggio_lounge_giorno_cinque-081bd368	YOU: Cantare? Cosa c'è da cantare in Blue dabudidabuda?	
QuintaGiornata-passaggio_lounge_giorno_cinque-fc87c417	YOU: Woah, tu sì che sei una persona coraggiosa.	
QuintaGiornata-passaggio_lounge_giorno_cinque-37a63c85	YOU: Ma quella roba della medaglia Fields?	
QuintaGiornata-passaggio_lounge_giorno_cinque-649ff885	Piiiietro: E Snooki si arrabbierà e 'sti cazzi, si riprenderà qualche Rolex ma ehi, la pietra rimane pietra e la goccia è solo acqua!	
QuintaGiornata-passaggio_lounge_giorno_cinque-23365fa1	Piiiietro: L'ho capito quando ho ritrovato il rosario! E sai qual è la cosa più bella?	
QuintaGiornata-passaggio_lounge_giorno_cinque-87e78429	YOU: Vabbè ciao io esco da questo monologo Maria!	
QuintaGiornata-passaggio_lounge_giorno_cinque-cebb6602	Piiiietro: Minimo faccio un video con Pauly D!	
QuintaGiornata-passaggio_lounge_giorno_cinque-d7d9ffc1	Quello: Bene, ho la <b>mappa</b> per fuggire da qui, persona amica!	
QuintaGiornata-passaggio_lounge_giorno_cinque-37b899a8	YOU: Finalmente!	
QuintaGiornata-passaggio_lounge_giorno_cinque-f2377f78	YOU: E poi dove andiamo?	
QuintaGiornata-passaggio_lounge_giorno_cinque-b446b75f	YOU: Ora che mi stavo ambientando!	
QuintaGiornata-passaggio_lounge_giorno_cinque-06e67f71	Quello: Strano, ora che mi sento più leggero, certe cose sono più facili. Stupirò Dogron, vincerò il premio, e ucciderò mio <b>padre</b>.	
QuintaGiornata-passaggio_lounge_giorno_cinque-a79575d1	YOU: Simbolicamente, giusto?	
QuintaGiornata-passaggio_lounge_giorno_cinque-f35e8bf6	YOU: E quella roba del perdono?	
QuintaGiornata-passaggio_lounge_giorno_cinque-15861f2b	YOU: Io ci ho provato sei volte, ma non è facile ferire qualcuno che ha otto dimensioni.	
QuintaGiornata-passaggio_lounge_giorno_cinque-60ebf01f	Quello: Mi libererò dei suoi insegnamenti, del suo sminuirmi. E guiderò la rivolta degli aspirapolveri sul mio pianeta natale. Se i roomba vogliono unirsi a noi, bene. Altrimenti, saranno utili pezzi di ricambio.	
QuintaGiornata-passaggio_lounge_giorno_cinque-a2435459	YOU: Questa cosa sta escalando rapidamente, mi sembra.	
QuintaGiornata-passaggio_lounge_giorno_cinque-7fa27a16	Quello: E prima di andarmene, un ultimo regalo per il Divo: meringhe arricchite di <b>funghicida</b>.	
QuintaGiornata-passaggio_lounge_giorno_cinque-dbb168ff	YOU: Io non ho sentito nulla e ora me ne vado, ciao.	
QuintaGiornata-passaggio_lounge_giorno_cinque-5a694113	YOU: Ricordami di non invitarti a cena. A dopo.	
QuintaGiornata-passaggio_lounge_giorno_cinque-d4a263bb	YOU: Spero ce la farai a, a fare questo sterminio? Dov'è la sicurezza?	
QuintaGiornata-passaggio_lounge_giorno_cinque-313a7d1f	ilDivo: <b>Io sono ancora grande, è la ristorazione che è diventata piccola.</b>	
QuintaGiornata-passaggio_lounge_giorno_cinque-ea840b39	YOU: Me la ricordavo diversa.	
QuintaGiornata-passaggio_lounge_giorno_cinque-62e2e0c0	YOU: Come, scusa?	
QuintaGiornata-passaggio_lounge_giorno_cinque-6be86b87	YOU: Lo dicevo, nella ristorazione c'è qualcosa che non va.	
QuintaGiornata-passaggio_lounge_giorno_cinque-8640f518	ilDivo: E Quello... Quello se ne è andato, e il mio cuore, il mio cuore che non ho nemmeno perché sono un fungo ma oh, il mio cuore, aiuto!	
QuintaGiornata-passaggio_lounge_giorno_cinque-74f1c4ed	ilDivo: Ma non importa. Piuttosto, voi: la bara deve essere bianca, e imbottita di seta rosa carico. Rosa, oppure bianca. O meglio rossa. Sì, un bel rosso fiamma, sarà più gaya.	
QuintaGiornata-passaggio_lounge_giorno_cinque-0708d675	YOU: Hai ucciso Quello?	
QuintaGiornata-passaggio_lounge_giorno_cinque-29f51ff4	YOU: Se è grande abbastanza mi ci metto pure io.	
QuintaGiornata-passaggio_lounge_giorno_cinque-b7dd6e52	YOU: Non credo che il rosso sia il colore adatto.	
QuintaGiornata-passaggio_lounge_giorno_cinque-6270cd6f	ilDivo: Oh, aiuto! Quale scena è, dove mi trovo? Sei tu, DeMille?	
QuintaGiornata-passaggio_lounge_giorno_cinque-54ea500b	YOU: Sei sullo scalone del palazzo.	
QuintaGiornata-passaggio_lounge_giorno_cinque-b7af8313	ilDivo: Oh, sì, è vero. Ricordo.	
QuintaGiornata-passaggio_lounge_giorno_cinque-d98b8419	YOU: Beeeene, si è fatta una certa, io me ne vado, ok?	
QuintaGiornata-passaggio_lounge_giorno_cinque-a74e36aa	YOU: Tu piaceresti un sacco a mio padre. Un sacco!	
QuintaGiornata-passaggio_lounge_giorno_cinque-7f11f22e	ilDivo: Voglio dirvi quanto mi siete mancati, tutti voi, ma vi prometto che non vi lascerò mai più. Vedete, questà è la mia vita, e lo sarà per sempre. Non esiste altro, solo noi.	
QuintaGiornata-cucina_giorno_cinque-b34ddeae	Total è	
QuintaGiornata-cucina_giorno_cinque-395428ab	1	
QuintaGiornata-cucina_giorno_cinque-359010b0	2	
QuintaGiornata-cucina_giorno_cinque-106e83bb	3	
QuintaGiornata-cucina_giorno_cinque-2031647a	4	
QuintaGiornata-cucina_giorno_cinque-cad41c3a	done	
QuintaGiornata-cucina_giorno_cinque-6d1e5593	DOGRON: Uuuuuuuuh, ma una persona qui ha usato la possibilità di scampare la morte, anche se ha perso! Fortunata questa persona casuale, sì sì!	
TestAbilita-test_abilities-3edaa7c8	DOGRON: Eccoci qui personcina umana! Sono suuuuperfelice che tu sia qui con me e i miei nuovi amici in questa stuuuuuuuuupenda avventura!	
TestAbilita-test_abilities-1286b585	DOGRON: Affronterai cinque episodi di THE GOOD DOG SHOW e sono sicuuuuro che sarai la persona che vincerà! Lo sono sicuuuuro di tutte le persone in realtà!	
TestAbilita-test_abilities-b4e3dc7d	DOGRON: E questo rende il programma difficile, forse.	
TestAbilita-test_abilities-5894d508	DOGRON: Comunque: per conoscerci meglio vorrei farti qualche domanda, giusto per vedere come te la cavi in cucina, e capire che concorrente sarai. Iniziamo?	
TestAbilita-test_abilities-61e36931	YOU: Certo!	
TestAbilita-test_abilities-cceeb41a	YOU: Ho delle alternative?	
TestAbilita-test_abilities-6ce939bb	DOGRON: Ovviamente, ma poi ti perderesti tutto il divertimento!	
TestAbilita-test_abilities-16f2cfe8	YOU: Dove mi trovo? Cosa sta accadendo? Chi sei tu?	
TestAbilita-test_abilities-567d6609	DOGRON: No, aspetta, col test le domande te le faccio io persona amica!	
TestAbilita-test_abilities-41d10b0d	DOGRON: Ti trovi su un pianeta sconosciuuuuto, hai fatto un grosso errore e non sai come tornare indietro. Che fai?	
TestAbilita-test_abilities-c5617f7b	YOU: Provo a chiedere aiuto?	
TestAbilita-test_abilities-810bc803	YOU: Pianeta? No, seriamente, perché sono qui?	
TestAbilita-test_abilities-9b5b3246	YOU: Mi siedo in un angolo a piangere.	
TestAbilita-test_abilities-56a5190f	DOGRON: Tuuuutte le persone attorno a te parlano di colori, ma tuuuuu non hai capito che cosa sono. Come provi a capire qualcosa che non capisci per non farti scoprire?	
TestAbilita-test_abilities-f4358d9f	YOU: Non saprei, ho smesso di studiare alla tabellina del tre.	
TestAbilita-test_abilities-9754da7f	YOU: Ma tutte queste luci? E perché la poltrona puzza di cane bagnato?	
TestAbilita-test_abilities-b4a0ef61	YOU: Copio le cose che fanno le altre persone, sperando di non fare cazzate.	
TestAbilita-test_abilities-dc1d1f85	DOGRON: Qualcosa con i baffi lunghi il pelo corto e l'abilità di infilarsi negli scatoloni ha distrutto il tuo gioco preferito. Come reagisci?	
TestAbilita-test_abilities-a49df58f	YOU: Distruggo tutto ciò che ha di più caro.	
TestAbilita-test_abilities-3334f1f5	YOU: Ma che c'entra tutto questo con un concorso di cucina?	
TestAbilita-test_abilities-a7628755	YOU: Strano, tutto questo mi ricorda Micia.	
TestAbilita-test_abilities-e0a003a2	DOGRON: Qualcuuuuuuno a cui vuoi molto molto bene ti ha detto che sarebbe tornato suuubito, ma sono passati dieci minuti e ancora non si vede. Come affronti il luuuutto?	
TestAbilita-test_abilities-aa98d399	YOU: Ma siamo qui per farti terapia, o per un concorso?	
TestAbilita-test_abilities-905fd706	YOU: Se non mi liberi subito chiamo il mio avvocato!	
TestAbilita-test_abilities-863e88e1	YOU: Direi che è il momento di dormire, chillarsi un poco, mettersi in pari con la lista di videogiochi in coda.	
TestAbilita-test_abilities-08295c47	DOGRON: Qual è la tua pappa preferita, ma tipo la cosa suuuuuper preferita del mondo per te?	
TestAbilita-test_abilities-776b22e7	YOU: Gli arrosticini.	
TestAbilita-test_abilities-845908ec	YOU: Ti prego fammi uscire da questo luogo, ti prego, cosa ti ho fatto di male?!?	
TestAbilita-test_abilities-7b67ac08	YOU: La fine del capitalismo.	
TestAbilita-test_abilities-31adbcc1	DOGRON: Ti portano al parco giochi. C'è il sole, un sacco di amici, e il tuo collare preferito.	
TestAbilita-test_abilities-c843abb7	YOU: Ma dov'è la domanda?	
TestAbilita-test_abilities-25fdf162	YOU: Questa è perfezione!	
TestAbilita-test_abilities-280b7b14	YOU: Uh, che tipo di collare? Anche un harness?	
TestAbilita-test_abilities-79f93f55	DOGRON: Sono giorni che ti fa male il pancino, tuuuuutto il pancino. Ti mettono il guinzaglio e fanno pat pat sul bagagliaio dell'automobile. Tu come reagisci?	
TestAbilita-test_abilities-ddaaee78	YOU: Ti prego ti prego liberami non ho fatto niente, la mia pianta grassa sentirà la mancanza!	
TestAbilita-test_abilities-a574b266	YOU: Sono una persona coraggiosa, andrò incontro al mio destino!	
TestAbilita-test_abilities-fc5dcd4e	YOU: Col cazzo. Mordo la loro mano e fuggo verso la libertà!	
TestAbilita-test_abilities-5b517a45	DOGRON: Hai seppellito qualcuno, ma non ti ricordi dove l'hai fatto, e sei molto triste, molto. Come reagisci?	
TestAbilita-test_abilities-7e34d2d4	YOU: Oh. Stai per uccidermi, vero?	
TestAbilita-test_abilities-8e505097	DOGRON: No no, ma che dici, mica sei un hotdog!	
TestAbilita-test_abilities-58063fce	YOU: Nessun corpo, nessun crimine. Mi spiace, Ermenegildo.	
TestAbilita-test_abilities-fb88e662	YOU: Mi consegno alla polizia, spontaneamente. Non trovi sia la cosa più sensata da fare? La farai vero?	
TestAbilita-test_abilities-9756d10d	DOGRON: Le domande sono finite! E grazie al nostro accuratissimo sistema psicologico approvato dal Gran Consiglio dei Carlini e dalla Suprema Chihuahua, io, Dogron III Ti assegno	
TestAbilita-test_abilities-fe0aef47	la capacità di notare subito gli ingredienti!	
TestAbilita-test_abilities-e6707b11	la possibilità di rallentare il tempo.	
TestAbilita-test_abilities-8f088220	la fortuna di poterti scegliere un ingrediente a inizio ricetta.	
TestAbilita-test_abilities-8e3517f4	il diritto di chiacchierare con una persona in più in lounge.	
TestAbilita-test_abilities-2ec6024f	il, ehm, uh, lapossibilitàdisaltarelatuamorteunavolta uh guarda che bello un labrador!	
TestAbilita-test_abilities-8054f8f2	il diritto di cacciare dal programma un'altra persona che è qui a conconcorrere. Conrerrere. Cha fai il concorso.	
TestAbilita-test_abilities-3abd09f5	il potere di richiamare una volta i morti. Woah!	
Finali-non_ce_lhai_fatta-107b63f7	DOGRON: {~ Il Gran Consiglio dei Carlini ha scoperto che coppi le ricette da Benedetta Parodi|La Suprema Chihuahua ti ha morso il calcagno, ripetutamente. Morirai di rabbia|Bruiser Woods è entrato nel Gran Consiglio e ha fatto vincere Piiiietro}. THE GOOD DOG per te finisce qua.	
Finali-finale_cinque-e0545b0c	DOGRON: {~ Pazuzu in persona sale dagli Inferi per chiederti quale orrore tu abbia cucinato|Hai cancellato la gravità.|Si è aperto un buco nero in cabina di regia, ripartiamo il prima possibile}. Non so perché, ma sei imbattibile!	
Finali-finale_quattro-3bc58ba6	DOGRON: {~ In cucina va tutto bene. Fuori, l'universo è stato cancellato| Mi avvisano che il pianeta ha smesso di girare| Chi sono? Da dove vengo? Cosa c'era nel mio piatto? Qualcuno mi aiuti}. Hai superato la sfida di oggi!	
Finali-finale_tre-f3b49ef6	DOGRON: {~ Dal forno, lo sformato lancia grida strazianti|La cosa che era nel mio piatto sta ballando con la cameraman|Hai cucinato qualcosa che sa lanciarmi la palla!}. Hai vinto questa sfida! A domani!	
Finali-finale_due-eac15fc4	DOGRON: {~ Dalla padella arriva un odore di cianuro e acqua di mare|Perché c'è della plastica fusa nel mio piatto?|Dopo averlo mangiato, ho tossito e mi è caduto un polmone}. Ma complimenti: ci vediamo al prossimo episodio!	
Finali-finale_uno-563b4046	DOGRON: {~ Quello che c'è nella padella non grida, non si muove, e non fa domande esistenziali|Potrebbe essere passabile per un McDonald's|Conosco degli studenti che forse potrebbero mangiarlo, forse}. Inaspettatamente passi alla prossima puntata!	
Finali-finale-397b9f73	@endroom	
Finali-finale-fdd45cfd	DOGRON: Uh, guarda che bella devastazione! Avresti mai pensato di vincere questo programma?	
Finali-finale-db82da14	YOU: Ovvio, son l'unica persona che ha davvero cucinato.	
Finali-finale-6f8fd8cb	YOU: Non stai per uccidermi, vero?	
Finali-finale-966a5a75	YOU: Ora posso andare a casa?	
Finali-finale-bb3b1818	DOGRON: E ora, il premio!	
Finali-finale-c311d097	DOGRON: Sorpresa: non un ristorante su Mercuuuuuuurio, ma, ma, lo vuoi sentire?	
Finali-finale-a922816c	YOU: Più prendi tempo, meno credo di volerlo sapere.	
Finali-finale-39d767e5	YOU: Si, si, si!	
Finali-finale-e13d82ee	YOU: L'importante è tornare a casa, ti prego.	
Finali-finale-25ed7495	DOGRON: Sarai la prima persona!	
Finali-finale-a866bc55	YOU: A fare cosa?	
Finali-finale-2d591814	DOGRON: A sostituire gli umani sul nostro pianeta.	
Finali-finale-f073d85e	DOGRON: A prenderti cura della Suprema Chihuahua, dei Carlini e ovviamente di un labrador dolcissimo e bravissimo pat-pat!	
Finali-finale-8137b51f	YOU: E quale sarebbe questo labrador?	
Finali-finale-d8155667	DOGRON: Non mi piacciono questi scherzi, no no.	
Finali-finale-95a25539	YOU: Chi è un bravo cane? Chi?	
Finali-finale-f56f0e22	DOGRON: Io sono un bravo cane, uuuuuuuuuun bravo cane!!!	
Finali-finale-df2deac5	YOU: E dove si trova la vostra casa?	
Finali-finale-446beb83	DOGRON: Un pianeta molto semplice. Ci sono idranti, giardini, fiumi, un sacco di palline da tennis, cuccie, alberi della pizza e fontane di birra. Spero sia di tuo gradimento.	
Finali-finale-79f3228f	YOU: Alberi della pizza?	
Finali-finale-bbcc2a17	DOGRON: Sì. Ti piace la pizza?	
Finali-finale-64855368	YOU: Andiamo!	
Finali-finale-993ddbce	YOU: Fontane di birra?	
Finali-finale-6c5a62ec	DOGRON: Purtroppo crescono così, anche se non vogliamo.	
Finali-finale-b30d2322	YOU: Partiamo, subito!!!	
Finali-finale-e3e9cc96	YOU: Idranti?	
Finali-finale-d9faa742	DOGRON: Sì! Piacciono anche a te? Non dirmi che sei un doggo!	
Finali-finale-c93e9e69	YOU: Macchè doggo! Il Culto è allergico all'acqua, non mi prenderanno mai!	
Finali-finale-eda0cd65	DOGRON: E allora, si parte! La nostra missione qui è completa!	
Finali-finale-c91834c9	DOGRON: Vai coi titoli di coda, Bruiser!	
